Tool	Category
ACTINN	Classification
ACTION	Clustering
ACTION	DimensionalityReduction
ACTION	GeneNetworks
ACTIONet	Classification
ACTIONet	Clustering
ACTIONet	DimensionalityReduction
ACTIONet	GeneSets
ACTIONet	Integration
ACTIONet	Normalisation
ACTIONet	Visualisation
ADImpute	Imputation
adobo	CellCycle
adobo	Classification
adobo	Clustering
adobo	DifferentialExpression
adobo	DimensionalityReduction
adobo	GeneFiltering
adobo	Imputation
adobo	Normalisation
adobo	QualityControl
adobo	Visualisation
aggregateBioVar	Quantification
alevinQC	Interactive
alevinQC	Visualisation
ALRA	Imputation
AltAnalyze	AlternativeSplicing
AltAnalyze	CellCycle
AltAnalyze	Classification
AltAnalyze	Clustering
AltAnalyze	DifferentialExpression
AltAnalyze	DimensionalityReduction
AltAnalyze	GeneFiltering
AltAnalyze	GeneNetworks
AltAnalyze	GeneSets
AltAnalyze	Interactive
AltAnalyze	MarkerGenes
AltAnalyze	Normalisation
AltAnalyze	Quantification
AltAnalyze	Visualisation
anchor	Modality
ASAP	Clustering
ASAP	DifferentialExpression
ASAP	GeneFiltering
ASAP	Interactive
ASAP	Normalisation
ASAP	Visualisation
ascend	CellCycle
ascend	Clustering
ascend	DifferentialExpression
ascend	DimensionalityReduction
ascend	GeneFiltering
ascend	Normalisation
ascend	QualityControl
ascend	Visualisation
AUCell	GeneNetworks
AUCell	Interactive
AUCell	Visualisation
Augur	Simulation
Augur	VariableGenes
AutoClass	Classification
AutoClass	Imputation
AutoImpute	Imputation
AutoImpute	Normalisation
AutoImpute	VariableGenes
BABEL	Integration
BackSPIN	Clustering
BackSPIN	GeneFiltering
badger	Variants
badger	Visualisation
BALDR	Alignment
BALDR	Assembly
BALDR	Immune
BAMMSC	Clustering
BAMMSC	Integration
BASIC	Assembly
BASIC	Immune
BASiCS	DifferentialExpression
BASiCS	Normalisation
BASiCS	Simulation
BASiCS	VariableGenes
BasisVAE	Clustering
BatchBench	Integration
BatchBench	QualityControl
BatchBench	Visualisation
batchelor	Integration
BATMAN	Integration
bayNorm	Imputation
bayNorm	Normalisation
bayNorm	Simulation
bbknn	Integration
bbknn	Visualisation
BC_tSNE	DimensionalityReduction
BC_tSNE	Integration
bcbio	Alignment
bcbio	QualityControl
bcbio	UMIs
bcbioSingleCell	QualityControl
bcbioSingleCell	UMIs
bcbioSingleCell	Visualisation
BCseq	Quantification
BEARscc	Clustering
BEARscc	Simulation
BEELINE	GeneNetworks
BEER	Integration
BERMUDA	Integration
BESCA	Classification
BESCA	Clustering
BESCA	DifferentialExpression
BESCA	GeneFiltering
BESCA	GeneSets
BESCA	Integration
BESCA	Normalisation
BESCA	QualityControl
BESCA	Visualisation
bigSCale	Clustering
bigSCale	DifferentialExpression
bigSCale	MarkerGenes
bigSCale	Normalisation
bigSCale	Visualisation
bigSCale2	Classification
bigSCale2	Clustering
bigSCale2	DimensionalityReduction
bigSCale2	GeneNetworks
bigSCale2	MarkerGenes
bigSCale2	Normalisation
bigSCale2	Ordering
bigSCale2	VariableGenes
bigSCale2	Visualisation
bindSC	Clustering
bindSC	Integration
bindSC	Visualisation
BingleSeq	Clustering
BingleSeq	DifferentialExpression
BingleSeq	GeneSets
BingleSeq	Interactive
BingleSeq	Normalisation
BingleSeq	QualityControl
BingleSeq	Visualisation
BIRD	Integration
BISCUIT	Clustering
BISCUIT	Imputation
Bisque	Integration
Bisque	MarkerGenes
Bisque	Simulation
bonvoyage	Transformation
BPSC	DifferentialExpression
BraCeR	Alignment
BraCeR	Assembly
BraCeR	Immune
BraCeR	Quantification
BraCeR	Visualisation
BranchedGP	ExpressionPatterns
BranchedGP	Visualisation
BRAPeS	Alignment
BRAPeS	Immune
BREM-SC	Clustering
BREM-SC	Integration
BRIE	AlternativeSplicing
BRIE	Quantification
bseqsc	DifferentialExpression
bseqsc	Integration
bseqsc	Visualisation
BTR	GeneNetworks
BTR	Visualisation
BUSseq	Clustering
BUSseq	Imputation
BUSseq	Integration
BUSseq	MarkerGenes
BUSseq	Visualisation
bustools	Quantification
bustools	UMIs
BZINB	Simulation
CACTUS	Variants
CALISTA	Clustering
CALISTA	Normalisation
CALISTA	Ordering
CALISTA	Visualisation
CancerInSilico	CellCycle
CancerInSilico	GeneNetworks
CancerInSilico	Interactive
CancerInSilico	Simulation
CancerInSilico	Visualisation
CAPITAL	Ordering
Capybara	Classification
Capybara	Ordering
CarDEC	Clustering
CarDEC	Imputation
CarDEC	Integration
cardelino	Classification
cardelino	Simulation
cardelino	Variants
cardelino	Visualisation
CaSpER	Variants
CaSpER	Visualisation
CaSTLe	Classification
CausalDAG	GeneNetworks
cb_sniffer	Variants
ccfindR	Clustering
ccfindR	DimensionalityReduction
ccfindR	GeneFiltering
ccfindR	Normalisation
ccfindR	QualityControl
ccfindR	Simulation
ccfindR	Visualisation
CCNMF	Clustering
CCNMF	DifferentialExpression
CCNMF	DimensionalityReduction
CCNMF	Integration
CCNMF	Visualisation
ccRemover	CellCycle
CCSN	GeneNetworks
celaref	Classification
celaref	Visualisation
celda	Clustering
celda	DifferentialExpression
celda	DimensionalityReduction
celda	GeneNetworks
celda	Normalisation
celda	QualityControl
celda	Simulation
celda	Visualisation
Cell_BLAST	Classification
Cell_BLAST	Visualisation
Cell-BLAST	Classification
cell2location	Classification
cell2location	Integration
cellAlign	ExpressionPatterns
cellAlign	Normalisation
cellAlign	Ordering
cellAlign	Visualisation
CellaRepertorium	Clustering
CellaRepertorium	Immune
CellaRepertorium	QualityControl
CellaRepertorium	Variants
CellaRepertorium	Visualisation
cellassign	Classification
cellassign	Simulation
CellBench	Visualisation
CellBender	QualityControl
CellBender	Visualisation
CellBIC	Clustering
cellBrowser	Interactive
cellBrowser	Visualisation
CellChat	GeneNetworks
CellChat	Visualisation
CellexalVR	Interactive
CellexalVR	Visualisation
CellFishing	Classification
cellgrid	Classification
CellID	Classification
CellID	DimensionalityReduction
CellID	GeneSets
CellID	Visualisation
Cellity	QualityControl
CellMeSH	Classification
CellMixS	Integration
CellMixS	Visualisation
CellO	Classification
CellPhoneDB	GeneNetworks
CellPhoneDB	Visualisation
CellRanger	Alignment
CellRanger	Clustering
CellRanger	DifferentialExpression
CellRanger	DimensionalityReduction
CellRanger	Interactive
CellRanger	MarkerGenes
CellRanger	QualityControl
CellRanger	Quantification
CellRanger	UMIs
CellRanger	Visualisation
CellRank	Ordering
CellRank	Visualisation
CellRouter	Clustering
CellRouter	DimensionalityReduction
CellRouter	ExpressionPatterns
CellRouter	MarkerGenes
CellRouter	Normalisation
CellRouter	Ordering
CellRouter	QualityControl
CellRouter	Visualisation
cellSNP	Variants
cellsnp-lite	Variants
CellTagR	QualityControl
CellTagR	Quantification
CellTagR	UMIs
CellTagR	Visualisation
celltalker	GeneNetworks
celltalker	Visualisation
CellTrails	DimensionalityReduction
CellTrails	Ordering
CellTrails	Visualisation
CellTree	GeneSets
CellTree	Ordering
CellTree	Visualisation
CellView	Interactive
CellView	Visualisation
cellxgene	Interactive
cellxgene	Visualisation
cellxgene_VIP	Interactive
cellxgene_VIP	Visualisation
Cerebro	GeneSets
Cerebro	Interactive
Cerebro	Visualisation
cFIT	DimensionalityReduction
cFIT	Integration
cFIT	Visualisation
CHETAH	Classification
CHETAH	Interactive
CHETAH	Normalisation
CHETAH	Visualisation
CIDR	Clustering
CIDR	DimensionalityReduction
CIDR	Imputation
CIDR	Simulation
CIPR	Classification
CIPR	Interactive
CIPR	MarkerGenes
CIPR	Visualisation
Cirrocumulus	Interactive
Cirrocumulus	Visualisation
CiteFuse	Clustering
CiteFuse	DifferentialExpression
CiteFuse	Interactive
CiteFuse	QualityControl
CiteFuse	Visualisation
CITEseqCount	Integration
CITEseqCount	Quantification
CITEseqCount	UMIs
Citrus	Normalisation
clonealign	Integration
clonealign	Variants
clonealign	Visualisation
cluster_diffex	Clustering
cluster_diffex	DifferentialExpression
cluster_diffex	DimensionalityReduction
cluster_diffex	MarkerGenes
cluster_diffex	Visualisation
clusterExperiment	Clustering
clusterExperiment	MarkerGenes
clusterExperiment	Visualisation
Clustergrammer2	Classification
Clustergrammer2	Clustering
Clustergrammer2	GeneSets
Clustergrammer2	Interactive
Clustergrammer2	Visualisation
ClusterMap	Classification
ClusterMap	Clustering
ClusterMap	Integration
ClusterMap	Visualisation
ClusterMine	Clustering
ClusterMine	GeneSets
clustermole	Classification
clustermole	MarkerGenes
clusterpval	MarkerGenes
clustifyr	Classification
clustifyr	VariableGenes
clustifyr	Visualisation
CMFImpute	Imputation
cNMF	Clustering
cNMF	DimensionalityReduction
CNNC	GeneNetworks
CNNC	GeneSets
COAC	Clustering
COAC	GeneNetworks
CoGAPs	DimensionalityReduction
CoGAPs	GeneSets
CoGAPs	Visualisation
COMET	MarkerGenes
COMET	Visualisation
compass	DimensionalityReduction
compass	GeneNetworks
compass	Visualisation
CONCLUS	Clustering
CONCLUS	DimensionalityReduction
CONCLUS	MarkerGenes
CONCLUS	Normalisation
CONCLUS	RareCells
CONCLUS	Visualisation
CONICS	Integration
CONICS	Variants
CONICS	Visualisation
Conos	Clustering
Conos	DifferentialExpression
Conos	DimensionalityReduction
Conos	Integration
Conos	MarkerGenes
Conos	Visualisation
constclust	Clustering
constclust	Visualisation
corral	DimensionalityReduction
corral	Integration
countClust	Clustering
countClust	DifferentialExpression
countClust	DimensionalityReduction
countClust	VariableGenes
countClust	Visualisation
coupleCoC	Clustering
coupleCoC	Integration
CSHMM	Ordering
CSHMM-TF	ExpressionPatterns
CSHMM-TF	GeneNetworks
CSHMM-TF	Ordering
CSHMM-TF	Visualisation
CSMF	Clustering
CSMF	DimensionalityReduction
CSN	GeneNetworks
CSOmap	GeneNetworks
ctgGEM	Visualisation
cTPnet	Imputation
cTPnet	Integration
Cyclum	CellCycle
Cyclum	DimensionalityReduction
CytoTalk	GeneNetworks
D-EE	DimensionalityReduction
D-EE	Visualisation
D3E	DifferentialExpression
DC3	Clustering
DC3	Integration
DCA	Imputation
DCA_R	DimensionalityReduction
ddSeeker	QualityControl
ddSeeker	UMIs
DECENT	DifferentialExpression
DECENT	Imputation
DECODE	Imputation
DEEF	DimensionalityReduction
DeepImpute	Imputation
DeepSort	Classification
DEGAS	Classification
DeLorean	ExpressionPatterns
DeLorean	GeneFiltering
DeLorean	Ordering
DeLorean	Visualisation
demuxlet	QualityControl
demuxlet	UMIs
demuxlet	Variants
DEN	DimensionalityReduction
DEN	Visualisation
DENDRO	Clustering
DENDRO	Simulation
DENDRO	Variants
DENDRO	Visualisation
DendroSplit	Clustering
DendroSplit	GeneFiltering
DendroSplit	Normalisation
densityCut	Clustering
densityCut	Visualisation
DensityPath	Clustering
DensityPath	DimensionalityReduction
DensityPath	Ordering
densvis	DimensionalityReduction
densVis	DimensionalityReduction
DepecheR	Clustering
DepecheR	MarkerGenes
DepecheR	Visualisation
DESC	Clustering
DESC	GeneFiltering
DESC	Integration
DESC	Normalisation
DESC	QualityControl
DESC	VariableGenes
DESC	Visualisation
DESCEND	DifferentialExpression
DESCEND	Modality
DESCEND	VariableGenes
DESCEND	Visualisation
DEsingle	DifferentialExpression
destiny	DimensionalityReduction
destiny	Visualisation
DEWAKSS	Imputation
DEWAKSS	Visualisation
Dhaka	Clustering
Dhaka	DimensionalityReduction
Dhaka	Visualisation
DIALOGUE	DimensionalityReduction
DIEM	Clustering
DIEM	GeneFiltering
DIEM	QualityControl
DIEM	Visualisation
DigitalCellSorter	Classification
DigitalCellSorter	Clustering
DigitalCellSorter	DimensionalityReduction
DigitalCellSorter	QualityControl
DigitalCellSorter	Visualisation
DIMMSC	Clustering
DIMMSC	Visualisation
dincta	Classification
dincta	Integration
Dino	Normalisation
DISC	Imputation
DIscBIO	Clustering
DIscBIO	DifferentialExpression
DIscBIO	DimensionalityReduction
DIscBIO	GeneNetworks
DIscBIO	Normalisation
DIscBIO	Ordering
DIscBIO	QualityControl
DIscBIO	VariableGenes
DIscBIO	Visualisation
DISCO	AlternativeSplicing
distinct	DifferentialExpression
DistMap	Classification
DistMap	Visualisation
DittoSeq	Visualisation
dmatch	DimensionalityReduction
dmatch	Integration
dmatch	Visualisation
Domino	GeneNetworks
Domino	Visualisation
DoubletDecon	CellCycle
DoubletDecon	QualityControl
DoubletDetection	QualityControl
DoubletDetection	Visualisation
DoubletFinder	Clustering
DoubletFinder	DimensionalityReduction
DoubletFinder	QualityControl
DPre	GeneSets
DPre	MarkerGenes
DPre	Visualisation
DPT	ExpressionPatterns
DPT	Ordering
DPT	Visualisation
DRA	DimensionalityReduction
dragonsc	Clustering
DrImpute	Imputation
DrivAER	DimensionalityReduction
DrivAER	GeneSets
DrivAER	Visualisation
dropbead	QualityControl
dropbead	Visualisation
dropClust	Clustering
dropClust	DifferentialExpression
dropClust	DimensionalityReduction
dropClust	Normalisation
dropClust	VariableGenes
dropClust	Visualisation
dropEst	QualityControl
dropEst	Quantification
dropEst	UMIs
dropEst	Visualisation
dropkick	QualityControl
DropLasso	Classification
DropletUtils	QualityControl
DropletUtils	Simulation
DropletUtils	UMIs
dropSeqPipe	Alignment
dropSeqPipe	QualityControl
dropSeqPipe	Quantification
dropSeqPipe	UMIs
dropSeqPipe	Visualisation
dropsim	Normalisation
dropsim	Simulation
dropsim	Visualisation
DrSeq2	Alignment
DrSeq2	Clustering
DrSeq2	DimensionalityReduction
DrSeq2	Integration
DrSeq2	Normalisation
DrSeq2	QualityControl
DrSeq2	Quantification
DrSeq2	UMIs
DrSeq2	VariableGenes
DSAVE-M	Classification
DSAVE-M	Visualisation
DSAVE-R	Classification
DSAVE-R	Visualisation
DTWScore	DifferentialExpression
DTWScore	Ordering
DTWScore	VariableGenes
DUBStepR	GeneFiltering
Dune	Clustering
Dune	Visualisation
DUSC	Clustering
Dynamo	Ordering
Dynamo	Simulation
Dynamo	Visualisation
dyngen	Simulation
dyngen	Visualisation
dynverse	Normalisation
dynverse	Ordering
dynverse	Simulation
dynverse	Visualisation
ECLAIR	Clustering
ECLAIR	Ordering
ECLAIR	Visualisation
EDGE	DimensionalityReduction
EDGE	VariableGenes
elasticC3	Integration
ELSA	Classification
ELSA	DimensionalityReduction
embeddr	Ordering
EMEP	Clustering
EMEP	DimensionalityReduction
ENHANCE	DimensionalityReduction
ENHANCE	Imputation
EnImpute	Imputation
EnsembleKQC	QualityControl
ESAT	Clustering
ESAT	DimensionalityReduction
ESAT	Ordering
ESAT	Quantification
escape	GeneSets
escape	Visualisation
ESCO	Simulation
eSPRESSO	Clustering
eSPRESSO	DimensionalityReduction
eSPRESSO	GeneFiltering
eSPRESSO	Visualisation
eSVD	DimensionalityReduction
eSVD	Ordering
eSVD	Visualisation
Falco	Alignment
Falco	Quantification
FastProject	DimensionalityReduction
FastProject	GeneSets
FastProject	Interactive
FastProject	Visualisation
FateID	Classification
FateID	DifferentialExpression
FateID	StemCells
FateID	Visualisation
fcoex	GeneNetworks
fcoex	Visualisation
FEATS	Clustering
FEATS	Integration
FiRE	DimensionalityReduction
FiRE	RareCells
FiRE	VariableGenes
FiRE	Visualisation
FIRM	Integration
FIRM	VariableGenes
fishpond	DifferentialExpression
fishpond	Normalisation
fishpond	Visualisation
FLAMES	Alignment
FLAMES	Quantification
FLAMES	UMIs
FLAMES	Variants
flotilla	Clustering
flotilla	DimensionalityReduction
flotilla	GeneNetworks
flotilla	Interactive
flotilla	QualityControl
FLOWMAPR	Interactive
FLOWMAPR	Visualisation
FORKS	Clustering
FORKS	GeneFiltering
FORKS	Normalisation
FORKS	Ordering
FORKS	Visualisation
FRmatch	Classification
FRmatch	Interactive
FRmatch	Visualisation
G2S3	Imputation
Garnett	Classification
Garnett	MarkerGenes
Garnett	Visualisation
gCAnno	Classification
GenePattern	Clustering
GenePattern	DimensionalityReduction
GenePattern	Interactive
GenePattern	MarkerGenes
GenePattern	Normalisation
GenePattern	QualityControl
GenePattern	Visualisation
genesorteR	MarkerGenes
genesorteR	Visualisation
GeneSwitches	ExpressionPatterns
GeneSwitches	GeneSets
GeneSwitches	Transformation
GeneSwitches	Visualisation
gficf	Clustering
gficf	DimensionalityReduction
gficf	GeneSets
gficf	Normalisation
gficf	Visualisation
GiniClust	Clustering
GiniClust	DimensionalityReduction
GiniClust	Interactive
GiniClust	Normalisation
GiniClust	RareCells
GiniClust2	Clustering
GiniClust3	Clustering
GiniClust3	DimensionalityReduction
GiniClust3	RareCells
GiniClust3	Visualisation
GLM-PCA	DimensionalityReduction
glmGamPoi	DifferentialExpression
GMM-Demux	QualityControl
GPcounts	DifferentialExpression
GPcounts	ExpressionPatterns
GPcounts	Ordering
GPcounts	VariableGenes
GPcounts	Visualisation
GPfates	Ordering
GPfates	Visualisation
GPseudoClust	ExpressionPatterns
GPseudoClust	Ordering
GPseudoRank	Ordering
Granatum	Clustering
Granatum	DifferentialExpression
Granatum	DimensionalityReduction
Granatum	GeneFiltering
Granatum	GeneNetworks
Granatum	GeneSets
Granatum	Interactive
Granatum	Normalisation
Granatum	Ordering
Granatum	QualityControl
Granatum	Visualisation
GrandPrix	DimensionalityReduction
GrandPrix	Ordering
GraphEmbed	DimensionalityReduction
GraphEmbed	Visualisation
GraphSCC	Clustering
GraphSCI	Imputation
GRISLI	GeneNetworks
GRM	Normalisation
GRNUlar	GeneNetworks
GRNVBEM	GeneNetworks
h-tSNE	DimensionalityReduction
Harmony	DimensionalityReduction
Harmony	Integration
hbfm	GeneNetworks
HieRFIT	Classification
HieRFIT	Visualisation
HIPPO	DifferentialExpression
HIPPO	DimensionalityReduction
HIPPO	Imputation
HIPPO	Visualisation
HocusPocus	Visualisation
HoneyBADGER	Variants
HoneyBADGER	Visualisation
HopLand	Ordering
HopLand	Visualisation
Hopper	ExpressionPatterns
Hotspot	GeneSets
Hotspot	MarkerGenes
Hotspot	Visualisation
HPL	Classification
hscScore	Classification
hscScore	StemCells
HurdleNormal	GeneNetworks
hypercluster	Clustering
hypercluster	Visualisation
I-Impute	DimensionalityReduction
I-Impute	Imputation
i2dash	Interactive
i2dash	Visualisation
iasva	DimensionalityReduction
iasva	MarkerGenes
iasva	Normalisation
iCellR	CellCycle
iCellR	Clustering
iCellR	DifferentialExpression
iCellR	DimensionalityReduction
iCellR	Imputation
iCellR	Integration
iCellR	MarkerGenes
iCellR	Normalisation
iCellR	QualityControl
iCellR	Visualisation
iDEA	GeneSets
IKAP	Clustering
IKAP	MarkerGenes
IKAP	Visualisation
ILoReg	Clustering
ILoReg	RareCells
ImmClassifier	Classification
ImmClassifier	Immune
immunarch	Immune
immunarch	Visualisation
ImSpectR	Quantification
ImSpectR	Visualisation
indeXplorer	Interactive
indeXplorer	Visualisation
inferCNV	Variants
inferCNV	Visualisation
infohet	VariableGenes
INSCT	Integration
IronThrone-GoT	UMIs
IronThrone-GoT	Variants
iS-CellR	Clustering
iS-CellR	DifferentialExpression
iS-CellR	DimensionalityReduction
iS-CellR	GeneFiltering
iS-CellR	Interactive
iS-CellR	Normalisation
iS-CellR	QualityControl
iS-CellR	VariableGenes
iS-CellR	Visualisation
iscandar	Interactive
iscandar	Visualisation
iSEE	Interactive
iSEE	Visualisation
iSMNN	Integration
ISnorm	Normalisation
ISOP	DifferentialExpression
ISOP	ExpressionPatterns
iTALK	DifferentialExpression
iTALK	GeneNetworks
iTALK	Immune
iTALK	Visualisation
ItClust	Classification
ItClust	Clustering
iterClust	Clustering
ivis	DimensionalityReduction
jackstraw	Clustering
jackstraw	DimensionalityReduction
jackstraw	GeneFiltering
jackstraw	MarkerGenes
jackstraw	VariableGenes
JIND	Classification
JIND	Integration
k-branches	Ordering
K2Taxonomer	Clustering
K2Taxonomer	DifferentialExpression
K2Taxonomer	GeneSets
K2Taxonomer	Visualisation
kallisto	Quantification
kallisto	UMIs
kBET	Integration
KMD	Clustering
knn_smooth	Imputation
KPNN	Classification
KPNN	GeneNetworks
LAK	Clustering
LAmbDA	Classification
LAmbDA	Integration
LAmbDA	VariableGenes
LandSCENT	DimensionalityReduction
LandSCENT	GeneNetworks
LandSCENT	Ordering
LandSCENT	StemCells
LandSCENT	Visualisation
LATE	Imputation
LEAP	GeneNetworks
LEAP	Ordering
learn2count	DimensionalityReduction
LIGER	DimensionalityReduction
LIGER	Integration
LIGER	MarkerGenes
LIGER	Normalisation
LIGER	VariableGenes
LIGER	Visualisation
LineagePulse	DifferentialExpression
LineagePulse	ExpressionPatterns
LineagePulse	Simulation
LineagePulse	Visualisation
Linnorm	Clustering
Linnorm	DifferentialExpression
Linnorm	GeneFiltering
Linnorm	GeneNetworks
Linnorm	Imputation
Linnorm	Normalisation
Linnorm	Simulation
Linnorm	VariableGenes
Linnorm	Visualisation
LTMGSCA	Clustering
LTMGSCA	DifferentialExpression
LTMGSCA	DimensionalityReduction
LTMGSCA	Modality
LTMGSCA	Transformation
LTMGSCA	Visualisation
M3Drop	DifferentialExpression
M3Drop	MarkerGenes
M3Drop	Simulation
M3Drop	Visualisation
M3S	Modality
MacroPolo	DifferentialExpression
MAESTRO	Alignment
MAESTRO	Classification
MAESTRO	Clustering
MAESTRO	DimensionalityReduction
MAESTRO	GeneFiltering
MAESTRO	GeneSets
MAESTRO	Integration
MAESTRO	QualityControl
MAESTRO	Quantification
MAESTRO	UMIs
MAESTRO	Visualisation
MAGAN	Integration
MAGIC	DimensionalityReduction
MAGIC	Imputation
MAGIC	Interactive
MAGIC	QualityControl
MAGIC	Visualisation
MAPiT	Ordering
MARS	Classification
MARS	DimensionalityReduction
MARS	Integration
MAST	DifferentialExpression
MAST	GeneNetworks
MAST	GeneSets
MAST	Normalisation
MAST	QualityControl
MATCHER	ExpressionPatterns
MATCHER	Integration
MATCHER	Ordering
MATCHER	Visualisation
matchSCore	Integration
matchSCore2	Classification
matchSCore2	Integration
matchSCore2	Visualisation
mbkmeans	Clustering
mcap	Clustering
McImpute	GeneFiltering
McImpute	Imputation
McImpute	Normalisation
MCXpress	Clustering
MCXpress	DimensionalityReduction
MCXpress	GeneFiltering
MCXpress	GeneSets
MCXpress	Interactive
MCXpress	VariableGenes
MEDALT	Ordering
MEDALT	Variants
MELD	Clustering
MELD	DimensionalityReduction
MELD	Integration
MERLoT	Ordering
MERLoT	Visualisation
MetaCell	Clustering
MetaCell	MarkerGenes
MetaCell	QualityControl
MetaCell	VariableGenes
MetaCell	Visualisation
metacells	Clustering
MetaNeighbor	Classification
MetaNeighbor	Clustering
MetaNeighbor	GeneSets
MetaNeighbor	VariableGenes
MFA	Ordering
MFA	Simulation
MFA	Visualisation
MGFR	MarkerGenes
MICTI	MarkerGenes
MICTI	Visualisation
Millefy	Ordering
Millefy	Visualisation
miloR	MarkerGenes
miloR	Visualisation
MIMOSCA	Classification
MIMOSCA	Integration
MIND	Integration
minnow	Simulation
minnow	UMIs
mitch	GeneSets
mitch	Visualisation
mnnpy	Integration
Moana	Classification
Moana	Clustering
Moana	DimensionalityReduction
Moana	QualityControl
Moana	Visualisation
MOFA	DimensionalityReduction
MOFA	Integration
MOFA	Visualisation
MOFA2	Clustering
MOFA2	DimensionalityReduction
MOFA2	Imputation
MOFA2	Integration
MOFA2	Visualisation
Monet	DimensionalityReduction
Monet	Integration
Monocle	Clustering
Monocle	DifferentialExpression
Monocle	DimensionalityReduction
Monocle	ExpressionPatterns
Monocle	MarkerGenes
Monocle	Ordering
Monocle	Visualisation
Mpath	Ordering
mpCMF	DimensionalityReduction
MPSSC	Clustering
MTGO-SC	GeneNetworks
MTGO-SC	GeneSets
MUDAN	Clustering
MUDAN	DifferentialExpression
MUDAN	DimensionalityReduction
MUDAN	GeneFiltering
MUDAN	MarkerGenes
MUDAN	Normalisation
MUDAN	QualityControl
MUDAN	VariableGenes
MUDAN	Visualisation
muscat	DifferentialExpression
muscat	MarkerGenes
muscat	Simulation
muscat	Visualisation
MuSiC	Integration
MuSiC	Simulation
MuSiC	Visualisation
MUSIC	Clustering
MUSIC	QualityControl
MUSIC	Visualisation
NaiveDE	DifferentialExpression
NaiveDE	Simulation
NanoPARE	Alignment
NATMI	GeneNetworks
NATMI	Visualisation
NBID	DifferentialExpression
NEBULA	DifferentialExpression
Nebulosa	Visualisation
NetImpute	Imputation
netNMF-sc	DimensionalityReduction
netNMF-sc	GeneNetworks
netNMF-sc	Imputation
netNMF-sc	Normalisation
netSmooth	Clustering
netSmooth	DimensionalityReduction
netSmooth	GeneNetworks
netSmooth	Imputation
netSmooth	Visualisation
netsne	DimensionalityReduction
NetworkInference	GeneNetworks
NewWave	DimensionalityReduction
NewWave	Integration
nichenetr	GeneNetworks
nichenetr	Visualisation
NIFA	DimensionalityReduction
nimfa	Clustering
nimfa	DimensionalityReduction
nimfa	Visualisation
northstar	Classification
ODEGRfinder	DifferentialExpression
ODEGRfinder	DimensionalityReduction
OEFinder	Interactive
OEFinder	Normalisation
OEFinder	QualityControl
OGFSC	GeneFiltering
OnClass	Classification
OnClass	GeneSets
OnClass	Integration
OnClass	MarkerGenes
OnlinePCA	DimensionalityReduction
OnlinePCA	Visualisation
OpenVisuMap	DimensionalityReduction
OscoNet	CellCycle
OscoNet	ExpressionPatterns
OscoNet	Ordering
Oscope	CellCycle
Ouija	ExpressionPatterns
Ouija	MarkerGenes
Ouija	Ordering
Ouija	Visualisation
ouijaflow	ExpressionPatterns
ouijaflow	Ordering
Outrigger	AlternativeSplicing
pagoda2	Clustering
pagoda2	DifferentialExpression
pagoda2	DimensionalityReduction
pagoda2	GeneFiltering
pagoda2	GeneSets
pagoda2	Interactive
pagoda2	Normalisation
pagoda2	QualityControl
pagoda2	Visualisation
Palantir	DimensionalityReduction
Palantir	ExpressionPatterns
Palantir	Normalisation
Palantir	Ordering
Palantir	QualityControl
Palantir	Visualisation
Pamona	Integration
Pamona	Visualisation
ParaDPMM	Classification
PARC	Clustering
PBA	Ordering
PBLR	Imputation
pcaReduce	Clustering
pCMF	DimensionalityReduction
pCMF	Visualisation
pcqc	DimensionalityReduction
pCreode	DimensionalityReduction
pCreode	Ordering
pCreode	Visualisation
peco	CellCycle
Pegasus	Clustering
Pegasus	DifferentialExpression
Pegasus	DimensionalityReduction
Pegasus	Integration
Pegasus	Normalisation
Pegasus	Ordering
Pegasus	QualityControl
Pegasus	VariableGenes
Pegasus	Visualisation
PHATE	DimensionalityReduction
PHATE	Visualisation
PhenoPath	Ordering
PhenoPath	Simulation
PieParty	Visualisation
PIMseq	DifferentialExpression
PIMseq	Visualisation
pipeComp	Visualisation
PIVOT	Clustering
PIVOT	DifferentialExpression
PIVOT	DimensionalityReduction
PIVOT	GeneFiltering
PIVOT	GeneNetworks
PIVOT	GeneSets
PIVOT	Interactive
PIVOT	Normalisation
PIVOT	Ordering
PIVOT	QualityControl
PIVOT	Visualisation
PoissonUMIs	UMIs
PoissonUMIs	Visualisation
polyApipe	AlternativeSplicing
polyApipe	Quantification
polyApipe	UMIs
POWSC	DifferentialExpression
POWSC	Simulation
POWSC	Visualisation
powsimR	Simulation
powsimR	Visualisation
Pre-Phaser	CellCycle
PRESCIENT	Ordering
ProjecTILs	Classification
ProjecTILs	DimensionalityReduction
ProjecTILs	Immune
ProjecTILs	Visualisation
PROSSTT	Simulation
protaccel	Integration
protaccel	Ordering
Pseudocell_Tracer	DimensionalityReduction
Pseudocell_Tracer	Ordering
Pseudocell_Tracer	Visualisation
pseudodynamics	Ordering
pseudogp	Ordering
pseudogp	Visualisation
PseudotimeDE	DifferentialExpression
PseudotimeDE	ExpressionPatterns
PseudotimeDE	Visualisation
pyHSICLasso	MarkerGenes
PyMINEr	Clustering
PyMINEr	DimensionalityReduction
PyMINEr	GeneNetworks
PyMINEr	GeneSets
PyMINEr	Visualisation
pyNVR	VariableGenes
qSNE	DimensionalityReduction
quasildr	DimensionalityReduction
quasildr	Ordering
QUBIC2	Clustering
RaceID	Clustering
RaceID	DifferentialExpression
RaceID	DimensionalityReduction
RaceID	ExpressionPatterns
RaceID	Imputation
RaceID	Integration
RaceID	MarkerGenes
RaceID	Ordering
RaceID	RareCells
RaceID	StemCells
RaceID	Visualisation
RAFSIL	Clustering
RAFSIL	DimensionalityReduction
RainDrop	Quantification
Randomly	Clustering
Randomly	DimensionalityReduction
Randomly	GeneFiltering
Randomly	Imputation
Randomly	QualityControl
Randomly	Visualisation
RankCorr	MarkerGenes
RayleighSelection	DifferentialExpression
RayleighSelection	DimensionalityReduction
RayleighSelection	Visualisation
RCA	Clustering
RCA	Visualisation
rCASC	Alignment
rCASC	CellCycle
rCASC	Clustering
rCASC	DimensionalityReduction
rCASC	GeneFiltering
rCASC	MarkerGenes
rCASC	Normalisation
rCASC	QualityControl
rCASC	Quantification
rCASC	UMIs
rCASC	Visualisation
reCAT	CellCycle
reCAT	Clustering
reCAT	Ordering
reCAT	Visualisation
RecursiveConsensusClustering	Clustering
Red_Panda	Variants
redPATH	Clustering
redPATH	GeneSets
redPATH	MarkerGenes
redPATH	Ordering
redPATH	VariableGenes
redPATH	Visualisation
RESCUE	Imputation
RNA-Bloom	Assembly
RNA-Sieve	Integration
robustSingleCell	Clustering
robustSingleCell	DimensionalityReduction
robustSingleCell	Integration
robustSingleCell	Normalisation
robustSingleCell	Visualisation
ROGUE	Clustering
ROGUE	GeneFiltering
ROGUE	QualityControl
ROGUE	Visualisation
ROSeq	DifferentialExpression
rpca	DimensionalityReduction
RSCORE	Clustering
RSCORE	GeneNetworks
RSCORE	Visualisation
Rsubread	Alignment
Rsubread	Quantification
rSuperCT	Classification
rSuperCT	Visualisation
RVAgene	DimensionalityReduction
RVAgene	Simulation
SAFE	Clustering
SAIC	Clustering
sake	Clustering
sake	DifferentialExpression
sake	DimensionalityReduction
sake	GeneFiltering
sake	GeneNetworks
sake	GeneSets
sake	Interactive
sake	Normalisation
sake	Visualisation
salmon	Quantification
salmon	UMIs
SAM	Clustering
SAM	DimensionalityReduction
SAM	GeneFiltering
SAM	Interactive
SAM	MarkerGenes
SAM	Normalisation
SAM	Visualisation
SampleQC	QualityControl
SampleQC	Simulation
SampleQC	Visualisation
SAMstrt	DifferentialExpression
SAMstrt	Normalisation
Sanity	Normalisation
SAUCIE	Clustering
SAUCIE	DimensionalityReduction
SAUCIE	Imputation
SAUCIE	Integration
SAUCIE	Normalisation
SAUCIE	Visualisation
SAVER	Imputation
SAVER-X	DimensionalityReduction
SAVER-X	Imputation
SBDN	GeneNetworks
sc-jnmf	Clustering
sc-REnF	GeneFiltering
SC2P	DifferentialExpression
SC2P	Visualisation
SC3	Clustering
SC3	Interactive
scACE	Clustering
scACE	Integration
scACE	Simulation
scAEspy	DimensionalityReduction
scAEspy	Integration
scAI	Clustering
scAI	DimensionalityReduction
scAI	Integration
scAI	MarkerGenes
scAI	Visualisation
scAIDE	Clustering
scAIDE	MarkerGenes
scAIDE	Visualisation
SCALE	AlleleSpecific
scAlign	DimensionalityReduction
scAlign	Integration
scAlign	RareCells
scAlleleCount	AlleleSpecific
scAnCluster	Classification
scAnCluster	Clustering
scAnCluster	MarkerGenes
scanorama	Integration
Scanpy	Clustering
Scanpy	DifferentialExpression
Scanpy	DimensionalityReduction
Scanpy	GeneFiltering
Scanpy	Normalisation
Scanpy	Ordering
Scanpy	QualityControl
Scanpy	Simulation
Scanpy	VariableGenes
Scanpy	Visualisation
scAPA	AlternativeSplicing
scAPAtrap	AlternativeSplicing
scAPAtrap	Quantification
scASK	Classification
scASK	DimensionalityReduction
scASK	Interactive
Scater	DimensionalityReduction
Scater	QualityControl
Scater	Visualisation
SCATS	AlternativeSplicing
scBASE	AlleleSpecific
scBatch	Integration
scBatch	Normalisation
scBio	Integration
SCC	Imputation
SCCAF	Clustering
SCCAF	Visualisation
scCancer	CellCycle
scCancer	Classification
scCancer	Clustering
scCancer	DifferentialExpression
scCancer	GeneNetworks
scCancer	QualityControl
scCancer	StemCells
scCaps	Clustering
scCaps	DimensionalityReduction
scCaps	GeneNetworks
scCATCH	Classification
scCATCH	MarkerGenes
scCB2	QualityControl
scCCESS	Clustering
scCCESS	DimensionalityReduction
scClassify	Classification
scClassify	Visualisation
scCLUE	Clustering
scClustBench	Clustering
scClustBench	Visualisation
scclusteval	Clustering
scclusteval	Visualisation
scClustViz	Interactive
scClustViz	Visualisation
scConsensus	Classification
scConsensus	DifferentialExpression
scConsensus	Integration
scConsensus	Visualisation
scDAPA	AlternativeSplicing
scDAPA	Visualisation
scDataviz	Clustering
scDataviz	DimensionalityReduction
scDataviz	GeneSets
scDataviz	MarkerGenes
scDataviz	Visualisation
scDblFinder	Clustering
scDblFinder	QualityControl
scDD	DifferentialExpression
scDD	Simulation
scDDboost	DifferentialExpression
SCDE	DifferentialExpression
SCDE	GeneSets
SCDE	Visualisation
scDeepCluster	Clustering
scDeepCluster	DimensionalityReduction
scDesign	Simulation
scDesign2	Simulation
scDGN	DimensionalityReduction
scDGN	Integration
scdiff	GeneNetworks
scdiff	Interactive
scdiff	Ordering
scdiff	Visualisation
scdNet	GeneNetworks
scdNet	GeneSets
scdney	Classification
scdney	Clustering
scdney	Visualisation
scDoc	Imputation
scds	QualityControl
sceb	VariableGenes
Scedar	Clustering
Scedar	DimensionalityReduction
Scedar	Imputation
Scedar	MarkerGenes
Scedar	RareCells
Scedar	Visualisation
SCell	Clustering
SCell	DifferentialExpression
SCell	DimensionalityReduction
SCell	GeneFiltering
SCell	Interactive
SCell	Normalisation
SCell	Ordering
SCell	QualityControl
SCell	Visualisation
SCelVis	Interactive
SCelVis	Visualisation
SCENIC	Clustering
SCENIC	GeneNetworks
SCENIC	Visualisation
SCENT	Ordering
SCENT	StemCells
scEpath	Clustering
scEpath	DimensionalityReduction
scEpath	ExpressionPatterns
scEpath	GeneNetworks
scEpath	Normalisation
scEpath	Ordering
scEpath	QualityControl
scEpath	Visualisation
scFBA	GeneNetworks
scFBA	Integration
scFEA	GeneNetworks
scFeatureFilter	GeneFiltering
scFeatureFilter	Visualisation
scfind	Classification
scfind	Interactive
scfind	MarkerGenes
scGAN	Simulation
scGEApp	DimensionalityReduction
scGEApp	GeneFiltering
scGEApp	Imputation
scGEApp	Integration
scGEApp	Interactive
scGEApp	Normalisation
scGEApp	VariableGenes
scGEApp	Visualisation
scGen	DifferentialExpression
scGen	Integration
scGeneFit	MarkerGenes
scGESTALT	Alignment
scGESTALT	Interactive
scGESTALT	Ordering
scGESTALT	UMIs
scGESTALT	Visualisation
scGNN	Clustering
scGNN	Imputation
scGNN	VariableGenes
scGPS	Clustering
scGPS	MarkerGenes
scGPS	VariableGenes
scGPS	Visualisation
schema	DifferentialExpression
schema	GeneSets
schema	Integration
schema	Visualisation
schex	Visualisation
scHinter	Imputation
scHinter	Normalisation
SCHiRM	GeneNetworks
SCHiRM	Normalisation
SCHiRM	Simulation
SCHiRM	Visualisation
schist	Clustering
schist	Visualisation
scHLAcount	AlleleSpecific
scHLAcount	Haplotypes
scHLAcount	Immune
SCHNAPPs	DifferentialExpression
SCHNAPPs	DimensionalityReduction
SCHNAPPs	Interactive
SCHNAPPs	QualityControl
SCHNAPPs	Visualisation
SCHNEL	Clustering
scHOT	ExpressionPatterns
scHOT	Visualisation
scHPF	DimensionalityReduction
scHPF	ExpressionPatterns
scIB	Integration
scicast	Clustering
scicast	DimensionalityReduction
scicast	Interactive
scicast	MarkerGenes
scicast	Normalisation
scicast	Visualisation
scID	Classification
scID	GeneSets
scID	MarkerGenes
scID	Normalisation
scID	Visualisation
scIGANs	Imputation
Scillus	DifferentialExpression
Scillus	GeneSets
Scillus	QualityControl
Scillus	Visualisation
SCIM	Integration
SCIMITAR	ExpressionPatterns
SCIMITAR	GeneNetworks
SCIMITAR	Ordering
scImpute	Imputation
SCINA	Classification
SCINA	GeneSets
SCINA	Visualisation
SCINET	GeneNetworks
scIntegral	Integration
scipr	Integration
scirpy	Immune
scirpy	Visualisation
scIVA	GeneSets
scIVA	Interactive
scIVA	MarkerGenes
scIVA	QualityControl
scIVA	Visualisation
scLAPA	AlternativeSplicing
scLAPA	Clustering
scLCA	Clustering
SClineager	Ordering
SClineager	Variants
scLink	GeneNetworks
scLVM	CellCycle
scLVM	Normalisation
scLVM	VariableGenes
scLVM	Visualisation
scMAGeCK	Quantification
scMAGeCK	Variants
scmap	Classification
scMappR	GeneSets
scMappR	Visualisation
SCMarker	VariableGenes
scMatch	Classification
scMatch	GeneSets
scMCA	Classification
scMCA	Visualisation
SCMER	DimensionalityReduction
SCMER	VariableGenes
scMerge	Clustering
scMerge	DimensionalityReduction
scMerge	Integration
scMerge	Normalisation
scMerge	VariableGenes
scMetric	DimensionalityReduction
scMetric	Visualisation
scModels	Simulation
scMomentum	GeneNetworks
scMomentum	Ordering
SCmut	Variants
scMVAE	DimensionalityReduction
scNBMF	DimensionalityReduction
scNCA	Integration
scNCA	Simulation
SCNorm	Normalisation
scNPF	GeneNetworks
scNPF	Imputation
scNPF	Integration
SCNS	GeneNetworks
SCNS	Interactive
SCNS	Ordering
SCNS	Visualisation
scNym	Classification
SCODE	GeneNetworks
SCODE	Ordering
scone	GeneFiltering
scone	Imputation
scone	Interactive
scone	Normalisation
scone	QualityControl
scone	Visualisation
SCope	Clustering
SCope	GeneSets
SCope	Interactive
SCope	Visualisation
SCORPIUS	DimensionalityReduction
SCORPIUS	ExpressionPatterns
SCORPIUS	GeneNetworks
SCORPIUS	Ordering
SCORPIUS	Visualisation
SCOUP	Ordering
SCOUT	Ordering
scPanoView	Clustering
scPanoView	DimensionalityReduction
scPanoView	VariableGenes
scPanoView	Visualisation
SCPattern	DifferentialExpression
SCPattern	ExpressionPatterns
SCPattern	Interactive
scPCA	DimensionalityReduction
scphaser	Haplotypes
scPhere	DimensionalityReduction
scPhere	Interactive
scPhere	Ordering
scPhere	Visualisation
scPipe	Alignment
scPipe	QualityControl
scPipe	Quantification
scPipe	Simulation
scPipe	UMIs
scPipe	Visualisation
scploid	Variants
scploid	Visualisation
scPlot	Interactive
scPlot	Visualisation
scPopCorn	Clustering
scPopCorn	Integration
scPopCorn	Normalisation
scPopCorn	VariableGenes
scPopCorn	Visualisation
scPOST	Simulation
scPower	Interactive
scPower	Simulation
scPred	Classification
scPred	DimensionalityReduction
scPred	Visualisation
scprep	GeneFiltering
scprep	GeneSets
scprep	Normalisation
scprep	QualityControl
scprep	Visualisation
scPretrain	Classification
SCQC	GeneFiltering
SCQC	QualityControl
SCRABBLE	Imputation
SCRABBLE	Visualisation
scran	CellCycle
scran	Integration
scran	Interactive
scran	Normalisation
scran	VariableGenes
scran	Visualisation
SCRAT	CellCycle
SCRAT	Clustering
SCRAT	DimensionalityReduction
SCRAT	GeneNetworks
SCRAT	Normalisation
SCRAT	Ordering
SCRAT	QualityControl
SCRAT	Visualisation
scRCMF	Clustering
scRCMF	DimensionalityReduction
SCReadCounts	Variants
scReClassify	Classification
scRecover	Imputation
scRecover	Normalisation
scREhurdle	DifferentialExpression
Scribe	GeneNetworks
Scribe	Visualisation
SCRL	DimensionalityReduction
SCRL	GeneNetworks
scRMD	Clustering
scRMD	DimensionalityReduction
scRMD	Imputation
scRMD	Simulation
scRNA	Clustering
scRNA	DimensionalityReduction
scRNABatchQC	Integration
scRNABatchQC	QualityControl
scRNABatchQC	Visualisation
scRNAss	Assembly
Scrublet	QualityControl
scruff	Alignment
scruff	Quantification
scruff	UMIs
scruff	Visualisation
scRutiNy	GeneNetworks
scRutiNy	Simulation
scRutiNy	Visualisation
scry	DimensionalityReduction
scry	GeneFiltering
SCSA	Classification
SCSA	GeneSets
scScope	Clustering
scScope	Imputation
scScope	Normalisation
scSDAE	Imputation
scSemiCluster	Clustering
scSeqR	Clustering
scSeqR	DifferentialExpression
scSeqR	DimensionalityReduction
scSeqR	GeneFiltering
scSeqR	GeneSets
scSeqR	Integration
scSeqR	Interactive
scSeqR	MarkerGenes
scSeqR	Normalisation
scSeqR	QualityControl
scSeqR	Visualisation
scsim	Simulation
scSplit	Variants
scSVA	DimensionalityReduction
scSVA	Interactive
scSVA	Visualisation
scTCRseq	Immune
scTDA	Ordering
scTDA	QualityControl
scTDA	Visualisation
scTenifoldNet	DimensionalityReduction
scTenifoldNet	GeneNetworks
scTenifoldNet	Normalisation
scTenifoldNet	QualityControl
scTensor	GeneNetworks
scTensor	Visualisation
scTGIF	Classification
scTGIF	DimensionalityReduction
scTGIF	GeneSets
scTGIF	Visualisation
scTHI	Classification
scTHI	DimensionalityReduction
scTHI	GeneNetworks
scTHI	Visualisation
scTIM	MarkerGenes
sctransform	DifferentialExpression
sctransform	Integration
sctransform	Normalisation
sctransform	Transformation
sctransform	Visualisation
scTree	Classification
scTree	MarkerGenes
scTree	Visualisation
scTSSR	Imputation
scTyper	Classification
scTyper	Visualisation
SCUBA	ExpressionPatterns
SCUBA	Ordering
scumi	Alignment
scumi	Quantification
scumi	UMIs
scUnifrac	Clustering
scUnifrac	DimensionalityReduction
scUnifrac	Integration
scUnifrac	VariableGenes
scUnifrac	Visualisation
scuttle	Normalisation
scuttle	QualityControl
scVAE	Clustering
scVDMC	Clustering
scVEGs	VariableGenes
scVelo	GeneFiltering
scVelo	Normalisation
scVelo	Ordering
scVelo	Visualisation
scVI	Classification
scVI	DimensionalityReduction
scVI	Integration
scVirtualCyto	Interactive
scVirtualCyto	Visualisation
scvis	DimensionalityReduction
scvr	Visualisation
scziDesk	Clustering
scziDesk	DimensionalityReduction
SEGtool	GeneFiltering
SEGtool	MarkerGenes
SelfE	VariableGenes
SEMITONES	GeneSets
SEMITONES	MarkerGenes
SEMITONES	Visualisation
SEPA	ExpressionPatterns
SEPA	GeneSets
SEPA	Interactive
SEPIRA	GeneNetworks
seqgendiff	Simulation
SERGIO	GeneNetworks
SERGIO	Simulation
Seurat	Clustering
Seurat	DifferentialExpression
Seurat	DimensionalityReduction
Seurat	GeneFiltering
Seurat	Imputation
Seurat	Integration
Seurat	MarkerGenes
Seurat	Normalisation
Seurat	VariableGenes
Seurat	Visualisation
SeuratV3Wizard	Clustering
SeuratV3Wizard	DimensionalityReduction
SeuratV3Wizard	Interactive
SeuratV3Wizard	MarkerGenes
SeuratV3Wizard	Normalisation
SeuratV3Wizard	QualityControl
SeuratV3Wizard	VariableGenes
SeuratWizard	Clustering
SeuratWizard	DimensionalityReduction
SeuratWizard	Interactive
SeuratWizard	MarkerGenes
SeuratWizard	Normalisation
SeuratWizard	QualityControl
SeuratWizard	VariableGenes
SHARP	Clustering
SHARP	DimensionalityReduction
SHARP	GeneFiltering
SHARP	MarkerGenes
SHARP	Normalisation
SHARP	Visualisation
Sharq	Alignment
Sharq	QualityControl
Sharq	Quantification
Sharq	UMIs
Sharq	Visualisation
ShinyCell	Interactive
ShinyCell	Visualisation
SiCeLoRe	AlleleSpecific
SiCeLoRe	AlternativeSplicing
SiCeLoRe	UMIs
SiCeLoRe	Variants
SICILIAN	Alignment
Sierra	AlternativeSplicing
Sierra	Visualisation
SigEMD	DifferentialExpression
SigEMD	Imputation
SigEMD	Visualisation
SigHotSpotter	GeneNetworks
SigHotSpotter	GeneSets
SigHotSpotter	Interactive
SigHotSpotter	Visualisation
signac	DifferentialExpression
signac	ExpressionPatterns
signac	MarkerGenes
SILGGM	GeneNetworks
SimiC	GeneNetworks
SIMLR	Clustering
SIMLR	DimensionalityReduction
SIMLR	Visualisation
SIMPLEs	Imputation
simspec	Classification
simspec	Clustering
simspec	DimensionalityReduction
simspec	Integration
SINC	Classification
SINC	VariableGenes
sincell	Clustering
sincell	DimensionalityReduction
sincell	Ordering
sincell	Visualisation
SINCERA	Clustering
SINCERA	DifferentialExpression
SINCERA	GeneFiltering
SINCERA	MarkerGenes
SINCERA	Normalisation
SINCERA	QualityControl
SINCERITIES	GeneNetworks
SinCHet	Clustering
SinCHet	Interactive
SinCHet	Visualisation
SINGE	GeneNetworks
SingleCellExplorer	Interactive
SingleCellExplorer	Visualisation
singleCellHaystack	MarkerGenes
singleCellHaystack	Visualisation
SingleCellNet	Classification
SingleCellNet	Visualisation
SingleCellSignalR	Classification
SingleCellSignalR	Clustering
SingleCellSignalR	GeneNetworks
SingleCellSignalR	MarkerGenes
SingleCellSignalR	Normalisation
SingleCellSignalR	Visualisation
SingleCellSignatureExplorer	GeneSets
SingleCellSignatureExplorer	Visualisation
singleCellTK	Alignment
singleCellTK	Clustering
singleCellTK	DifferentialExpression
singleCellTK	DimensionalityReduction
singleCellTK	GeneFiltering
singleCellTK	GeneSets
singleCellTK	Interactive
singleCellTK	MarkerGenes
singleCellTK	Normalisation
singleCellTK	QualityControl
singleCellTK	Quantification
singleCellTK	Visualisation
SingleR	Classification
SingleR	Visualisation
singleseqgset	GeneSets
SingleSplice	AlternativeSplicing
singlet	Clustering
singlet	DimensionalityReduction
singlet	GeneFiltering
singlet	Normalisation
singlet	Visualisation
SinNLRR	Clustering
SinNLRR	DimensionalityReduction
SinNLRR	Normalisation
SinQC	QualityControl
Sinto	UMIs
SIP	Alignment
sircel	Quantification
sircel	UMIs
SISUA	DimensionalityReduction
slalom	DimensionalityReduction
slalom	GeneSets
slalom	VariableGenes
slalom	Visualisation
sleepwalk	DimensionalityReduction
sleepwalk	Visualisation
SLICE	Ordering
SLICER	Ordering
slingshot	DimensionalityReduction
slingshot	Ordering
slingshot	Visualisation
SMNN	Integration
SMSC	Clustering
SNN-Cliq	Clustering
solo	QualityControl
solo	Visualisation
SoptSC	Clustering
SoptSC	DimensionalityReduction
SoptSC	Ordering
SoptSC	Visualisation
SOUP	Clustering
SOUP	Ordering
SOUP	VariableGenes
SOUP	Visualisation
souporcell	Clustering
souporcell	QualityControl
souporcell	Variants
SoupX	Quantification
SoupX	Visualisation
SPADE	Clustering
SPADE	DimensionalityReduction
SPADE	MarkerGenes
SPADE	Ordering
SPADE	Visualisation
SpaOTsc	Clustering
SpaOTsc	GeneNetworks
SpaOTsc	Integration
SpaOTsc	Visualisation
SparseDC	Clustering
SparseDC	MarkerGenes
SPARSim	Simulation
Specter	Clustering
Spectrum	Clustering
Spectrum	Visualisation
Splatter	Simulation
Splatter	Visualisation
SPRING	DimensionalityReduction
SPRING	Interactive
SPRING	Visualisation
SPsimSeq	Simulation
sscClust	Clustering
sscClust	DimensionalityReduction
sscClust	Integration
sscClust	VariableGenes
sscClust	Visualisation
SSrGE	Clustering
SSrGE	Integration
SSrGE	Variants
STACAS	Integration
STAR	Alignment
STAR	Quantification
STAR	UMIs
STEMNET	Ordering
STEMNET	Visualisation
STREAM	ExpressionPatterns
STREAM	Interactive
STREAM	Normalisation
STREAM	Ordering
STREAM	Visualisation
switchde	DifferentialExpression
switchde	ExpressionPatterns
SWNE	DimensionalityReduction
SWNE	Normalisation
SWNE	Visualisation
Symphony	Classification
SymSim	Simulation
SymSim	Visualisation
SynergisticCore	GeneNetworks
talklr	GeneNetworks
talklr	Visualisation
Tangram	Integration
Tangram	Visualisation
TAR-scRNA-seq	Alignment
TAR-scRNA-seq	Quantification
TASC	DifferentialExpression
TASC	Normalisation
TASC	Quantification
TASIC	Interactive
TASIC	Ordering
TBSP	Clustering
TBSP	Ordering
TBSP	Variants
TBSP	Visualisation
TCM	DimensionalityReduction
TCM	Visualisation
TDL	GeneNetworks
TED	DimensionalityReduction
TED	Integration
Tempora	DimensionalityReduction
Tempora	GeneSets
Tempora	Ordering
Tempora	Visualisation
TENET	GeneNetworks
TILPRED	Classification
TILPRED	Immune
TinGa	DimensionalityReduction
TinGa	Ordering
TinGa	Visualisation
tn_test	DifferentialExpression
tn_test	Visualisation
TooManyCells	Clustering
TooManyCells	DifferentialExpression
TooManyCells	RareCells
TooManyCells	Visualisation
topslam	Ordering
TraCeR	Alignment
TraCeR	Assembly
TraCeR	Immune
TraCeR	Quantification
TraCeR	Visualisation
tradeSeq	DifferentialExpression
tradeSeq	ExpressionPatterns
tradeSeq	Visualisation
Trajan	Integration
Trajan	Visualisation
TRAPeS	Immune
TRAPeS	Quantification
Tree-SNE	Clustering
Tree-SNE	Visualisation
trendsceek	ExpressionPatterns
trendsceek	Simulation
trendsceek	Visualisation
Triangulate	GeneNetworks
TRUmiCount	Quantification
TRUmiCount	UMIs
trVAE	DimensionalityReduction
TSCAN	Clustering
TSCAN	Interactive
TSCAN	MarkerGenes
TSCAN	Ordering
TSCAN	Visualisation
TSEE	DimensionalityReduction
txburst	AlleleSpecific
UMI_analysis	Quantification
UMI_analysis	UMIs
UMI-tools	Quantification
UMI-tools	UMIs
UMICollapse	UMIs
umis	Quantification
umis	UMIs
UNCURL	Clustering
UNCURL	DimensionalityReduction
UNCURL	Interactive
UNCURL	Ordering
UNCURL	Visualisation
UnionCom	Integration
UniPath	Clustering
UniPath	GeneSets
UniPath	Imputation
UniPath	Ordering
UPhyloplot2	Visualisation
URD	Clustering
URD	DifferentialExpression
URD	DimensionalityReduction
URD	MarkerGenes
URD	Normalisation
URD	Ordering
URD	VariableGenes
URD	Visualisation
uSORT	DifferentialExpression
uSORT	GeneFiltering
uSORT	Interactive
uSORT	Ordering
uSORT	QualityControl
uSORT	VariableGenes
VAE-SNE	Clustering
VAE-SNE	DimensionalityReduction
VALERIE	AlternativeSplicing
VALERIE	Visualisation
VAMF	DimensionalityReduction
VarTrix	Alignment
VarTrix	Variants
VASC	DimensionalityReduction
VASC	Visualisation
VDJPuzzle	Alignment
VDJPuzzle	Assembly
VDJPuzzle	Immune
VDJPuzzle	Quantification
VDJPuzzle	Visualisation
VECTOR	DimensionalityReduction
VECTOR	Ordering
velociraptor	DimensionalityReduction
velociraptor	Ordering
velocyto	AlternativeSplicing
velocyto	Ordering
velocyto	Visualisation
VeTra	Ordering
VIPER	Imputation
VIPER	Visualisation
Vireo	Variants
VISION	Classification
VISION	DimensionalityReduction
VISION	GeneSets
VISION	Interactive
VISION	Visualisation
visnormsc	Interactive
visnormsc	Normalisation
visnormsc	Visualisation
VITAE	DifferentialExpression
VITAE	DimensionalityReduction
VITAE	Ordering
VITAE	Visualisation
VoxHunt	Visualisation
VPAC	Clustering
VPAC	DimensionalityReduction
WaveCrest	ExpressionPatterns
WaveCrest	Interactive
WaveCrest	MarkerGenes
WaveCrest	Ordering
WEDGE	Imputation
WEDGE	Interactive
Wishbone	ExpressionPatterns
Wishbone	Interactive
Wishbone	Ordering
Wishbone	Visualisation
wot	Ordering
wot	Visualisation
Wx	MarkerGenes
XenoCell	QualityControl
XenoCell	Quantification
ZIAQ	DifferentialExpression
ZIFA	DimensionalityReduction
ZINB-WaVE	DimensionalityReduction
ZINB-WaVE	Normalisation
ZINB-WaVE	Simulation
ZINBAE	Imputation
zingeR	DifferentialExpression
zingeR	Simulation
zUMIs	Alignment
zUMIs	Quantification
zUMIs	UMIs
zUMIs	Visualisation
