DOI	Date	Title
10.1093/bioinformatics/btz592	2019-07-29	ACTINN: automated identification of cell types in single cell RNA sequencing
10.1038/s41467-018-03933-2	2018-04-17	A geometric approach to characterize the functional identity of single cells
10.1038/nature19348	2016-08-31	Single-cell analysis of mixed-lineage states leading to a binary cell fate choice
10.1016/j.molcel.2017.06.003	2017-07	Single-Cell Alternative Splicing Analysis with Expedition Reveals Splicing Dynamics during Neuron Differentiation
10.1093/bioinformatics/btx337	2017-05-24	ASAP: a web-based platform for the analysis and interactive visualization of single-cell RNA-seq data
10.1038/nmeth.4463	2017-10-09	SCENIC: single-cell regulatory network inference and clustering
10.1038/s41598-018-34688-x	2018-11-05	AutoImpute: Autoencoder based imputation of single-cell RNA-seq data
10.1126/science.aaa1934	2015-02-19	Cell types in the mouse cortex and hippocampus revealed by single-cell RNA-seq
10.1186/s13073-018-0528-3	2018-03-20	BALDR: a computational pipeline for paired heavy and light chain immunoglobulin reconstruction in single-cell RNA-seq data
10.1038/s41467-019-09639-3	2019-04-09	A Bayesian mixture model for clustering droplet-based single-cell transcriptomic data from population studies
10.1093/bioinformatics/btw631	2016-10-02	BASIC: BCR assembly from single cells
10.1371/journal.pcbi.1004333	2015-06-24	BASiCS: Bayesian Analysis of Single-Cell Sequencing Data
10.1186/s13059-016-0930-3	2016-04-15	Beyond comparisons of means: understanding changes in gene expression at the single-cell level
10.1016/j.cels.2018.06.011	2018-09	Correcting the Mean-Variance Dependency for Differential Variability Testing Using Single-Cell RNA Sequencing Data
10.1038/nbt.4091	2018-04-02	Batch effects in single-cell RNA-sequencing data are corrected by matching mutual nearest neighbors
10.1093/bioinformatics/btz625	2019-08-10	BBKNN: Fast Batch Alignment of Single Cell Transcriptomes
10.1093/nar/gky308	2018-04-30	BCseq: accurate single cell RNA-seq quantification with bias correction
10.1186/s13059-019-1713-4	2019-06-04	Single-cell transcriptomics unveils gene regulatory network plasticity
10.1038/s41467-017-01188-x	2017-10-19	Genome-wide prediction of DNase I hypersensitivity using gene expression
10.1093/nar/gkz716	2019-08-20	Global prediction of chromatin accessibility using small-cell-number and single-cell RNA-seq
10.18547/gcb.2017.vol3.iss1.e46	2017-01-26	Bayesian Inference for Single-cell Clustering and Imputing
10.1093/bioinformatics/btw202	2016-04-19	Beta-Poisson model for single-cell RNA-seq data analyses
10.1038/s41592-018-0082-3	2018-07-31	BraCeR: B-cell-receptor reconstruction and clonality inference from single-cell RNA-seq
10.1186/s13059-018-1440-2	2018-05-29	BGP: identifying gene-specific branching dynamics from single-cell data with a branching Gaussian process
10.1186/s13059-017-1248-5	2017-06-27	BRIE: transcriptome-wide splicing quantification in single cells
10.1016/j.cels.2016.08.011	2016-10	A Single-Cell Transcriptomic Map of the Human and Mouse Pancreas Reveals Inter- and Intra-cell Population Structure
10.1186/s12859-016-1235-y	2016-09-06	BTR: training asynchronous Boolean models using single-cell expression data
10.1371/journal.pone.0205499	2018-10-10	CaSTLe – Classification of single cells by transfer learning: Harnessing the power of publicly available single cell RNA sequencing experiments to annotate new experiments
10.1038/s41467-019-11591-1	2019-08-14	A general approach for detecting expressed mutations in AML cells using single cell RNA-sequencing
10.26508/lsa.201900443	2019-07-02	De novo prediction of cell-type complexity in single-cell RNA-seq and tumor microenvironments
10.1038/srep33892	2016-09-27	Identifying and removing the cell-cycle effect from single-cell RNA-Sequencing data
10.1038/nmeth.4628	2018-03-12	Alignment of single-cell trajectories to compare cellular expression dynamics
10.1038/s41592-019-0425-8	2019-05-27	Benchmarking single cell RNA-sequencing analysis pipelines using mixture control experiments
10.1093/nar/gky698	2018-08-08	CellBIC: bimodality-based top-down clustering of single-cell RNA sequencing data reveals hierarchical structure of the cell type
10.1186/s13059-016-0888-1	2016-02-17	Classification of low quality cells from single-cell RNA-seq data
10.1038/s41586-018-0698-6	2018-11	Single-cell reconstruction of the early maternal–fetal interface in humans
10.1038/ncomms14049	2017-01-16	Massively parallel digital transcriptional profiling of single cells
10.1038/s41467-018-03214-y	2018-03-01	Reconstruction of complex single-cell trajectories using CellRouter
10.1016/j.celrep.2018.05.002	2018-06	Transcriptional Dynamics of Hair-Bundle Morphogenesis Revealed with CellTrails
10.1186/s12859-016-1175-6	2016-09-13	CellTree: an R/bioconductor package to infer the hierarchical structure of cell populations from single-cell RNA-seq data
10.1186/s13059-017-1188-0	2017-03-28	CIDR: Ultrafast and accurate clustering through imputation for single-cell RNA-seq data
10.1038/s41598-017-13665-w	2017-10-19	Controlling for Confounding Effects in Single Cell RNA Sequencing Studies Using both Control and Target Genes
10.1186/s13059-019-1645-z	2019-03-12	clonealign: statistical integration of independent single-cell RNA and DNA sequencing data from human cancers
10.1093/bioinformatics/btz024	2019-01-14	ClusterMap: compare multiple single cell RNA-Seq datasets across different experimental conditions
10.7554/eLife.43803	NA	NA
10.1371/journal.pcbi.1006772	2019-02-19	A component overlapping attribute clustering (COAC) algorithm for single-cell RNA sequencing data analysis and potential pathobiological implications
10.1093/bioinformatics/bty316	2018-04-20	CONICS integrates scRNA-seq with DNA sequencing to map gene expression to tumor sub-clones
10.1038/s41592-019-0466-z	2019-07-15	Joint analysis of heterogeneous single-cell RNA-seq dataset collections
10.1093/bioinformatics/btz296	2019-04-30	Continuous-state HMMs for modeling time-series single-cell RNA-Seq data
10.1093/nar/gkz172	2019-03-13	Cell-specific network constructed by single-cell RNA sequencing data
10.1186/s12859-016-0944-6	2016-02-29	Discrete distributional differential expression (D3E) - a tool for gene expression analysis of single-cell RNA-seq data
10.1038/s41467-018-07931-2	2019-01-23	Single-cell RNA-seq denoising using a deep count autoencoder
10.1371/journal.pcbi.1006391	2018-08-06	A new dynamic correlation algorithm reveals novel functional aspects in single cell and bulk RNA-seq data
10.1186/s12864-018-5249-x	2018-12	ddSeeker: a tool for processing Bio-Rad ddSEQ single cell RNA-seq data
10.1093/bioinformatics/btz453	2019-06-14	DECENT: differential expression with capture efficiency adjustmeNT for single-cell RNA-seq data
10.1093/bioinformatics/btw372	2016-06-17	Pseudotime estimation: deconfounding single cell time series
10.1038/nbt.4042	2017-12-11	Multiplexed droplet single-cell RNA-sequencing using natural genetic variation
10.1093/bioinformatics/btw227	2016-04-23	densityCut: an efficient and versatile topological approach for automatic clustering of biological data
10.1093/bioinformatics/bty1009	2018-12-07	DensityPath: an algorithm to visualize and reconstruct cell state-transition path on density landscape for single-cell RNA sequencing data
10.1093/bioinformatics/bty332	2018-04-24	DEsingle for detecting three types of differential expression in single-cell RNA-seq data
10.1093/bioinformatics/btv715	2015-12-14	destiny: diffusion maps for large-scale single-cell data in R
10.1093/bioinformatics/btx490	2017-08-02	DIMM-SC: a Dirichlet mixture model for clustering droplet-based single cell transcriptomic data
10.1126/science.aan3235	2017-08-31	TheDrosophilaembryo at single-cell transcriptome resolution
10.1016/j.cels.2019.03.003	2019-04	DoubletFinder: Doublet Detection in Single-Cell RNA Sequencing Data Using Artificial Nearest Neighbors
10.1038/nmeth.3971	2016-08-29	Diffusion pseudotime robustly reconstructs lineage branching
10.1186/s12859-018-2226-y	2018-06-08	DrImpute: imputing dropout events in single cell RNA sequencing data
10.1186/s13059-018-1449-6	2018-06-19	dropEst: pipeline for accurate estimation of molecular counts in droplet-based single-cell RNA-seq experiments
10.1038/s41467-018-05083-x	2018-07-10	Detection and removal of barcode swapping in single-cell RNA-seq data
10.1186/s13059-019-1662-y	2019-03-22	EmptyDrops: distinguishing cells from empty droplets in droplet-based single-cell RNA sequencing data
10.1371/journal.pone.0180583	2017-07-03	Dr.seq2: A quality control and analysis pipeline for parallel single cell transcriptome and epigenome data
10.1186/s12859-017-1647-3	2017-05-23	DTWscore: differential expression and cell clustering analysis for time-series single-cell RNA-seq data
10.1038/s41587-019-0071-9	2019-04-01	A comparison of single-cell trajectory inference methods
10.1093/bioinformatics/bty1056	2018-12-28	Single-cell RNA-seq interpretations using evolutionary multiobjective ensemble pruning
10.1093/bioinformatics/btz435	2019-05-24	EnImpute: imputing dropout events in single-cell RNA-sequencing data via ensemble learning
10.1007/978-3-030-26969-2_47	2019	EnsembleKQC: An Unsupervised Ensemble Learning Method for Quality Control of Single Cell RNA-seq Sequencing Data
10.1093/bioinformatics/btw732	2016-12-24	Falco: a quick and flexible single-cell RNA-seq processing framework on the cloud
10.1186/s12859-016-1176-5	2016-08-23	FastProject: a tool for low-dimensional analysis of single-cell RNA-Seq data
10.1038/s41467-018-07234-6	2018-11-09	Discovery of rare cells from voluminous single cell expression data
10.1093/nar/gkz622	2019-08-02	Nonparametric expression analysis using inferential replicate counts
10.12688/f1000research.15830.1	2018-08-16	An accessible, interactive GenePattern Notebook for analysis and exploration of single-cell transcriptomic data
10.3389/fgene.2019.00734	2019-08-09	A Tool for Visualization and Analysis of Single-Cell RNA-Seq Data Based on Text Mining
10.1186/s13059-016-1010-4	2016-07-01	GiniClust: detecting rare cell types from single-cell gene expression data with Gini index
10.1186/s13059-018-1431-3	2018-05-10	GiniClust2: a cluster-aware, weighted ensemble clustering method for cell-type detection
10.1126/sciimmunol.aal2192	2017-03-03	Single-cell RNA-seq and computational analysis using temporal mixture modeling resolves TH1/TFHfate bifurcation in malaria
10.1186/s13073-017-0492-3	2017-12	Granatum: a graphical single-cell RNA-Seq analysis pipeline for genomics scientists
10.1038/s41467-018-05988-7	2018-09-11	GraphDDP: a graph-embedding approach to detect differentiation pathways in single-cell-data using prior class knowledge
10.1093/bioinformatics/btv122	2015-02-24	Normalization and noise reduction for single cell RNA-seq experiments
10.1093/bioinformatics/btx605	2017-09-25	A Bayesian framework for the inference of gene regulatory networks from time and pseudo-time series data
10.1093/bioinformatics/btx232	2017-07-12	HopLand: single-cell pseudotime recovery using continuous Hopfield network-based modeling of Waddington’s epigenetic landscape
10.1214/18-AOAS1213	NA	NA
10.1038/s41598-018-35365-9	2018-11-19	Detection of correlated hidden factors from single cell transcriptomes using Iteratively Adjusted-SVA (IA-SVA)
10.1038/ncb3494	2017-04	Demystifying blood stem cell fates
10.1126/science.1254257	2014-06-12	Single-cell RNA-seq highlights intratumoral heterogeneity in primary glioblastoma
10.1038/s41586-019-1367-0	2019-07	Somatic mutations and cell identity linked by Genotyping of Transcriptomes
10.1093/bioinformatics/bty517	2018-07-04	iS-CellR: a user-friendly tool for analyzing and visualizing single-cell RNA sequencing data
10.12688/f1000research.14966.1	2018-06-14	iSEE: Interactive SummarizedExperiment Explorer
10.1093/bioinformatics/bty100	2018-02-27	Isoform-level gene expression patterns in single-cell RNA-sequencing data
10.1093/bioinformatics/bty176	2018-03-22	iterClust: a statistical framework for iterative clustering analysis
10.1038/s41598-019-45301-0	2019-06-20	Structure-preserving visualisation of high dimensional single-cell datasets
10.1093/bioinformatics/btu674	2014-10-21	Statistical significance of variables driving systematic variation in high-dimensional data
10.1038/nbt.3519	2016-04-04	Near-optimal probabilistic RNA-seq quantification
10.1038/s41592-018-0254-1	2018-12-20	A test metric for assessing single-cell RNA-seq batch correction
10.1093/bioinformatics/btw729	2016-12-19	LEAP: constructing gene co-expression networks for single-cell RNA-sequencing data using pseudotime ordering
10.1016/j.cell.2019.05.006	2019-06	Single-Cell Multi-omic Integration Compares and Contrasts Features of Brain Cell Identity
10.1093/nar/gkz655	2019-08-02	LTMG: a novel statistical modeling of transcriptional expression states in single-cell RNA-Seq data
10.1093/bioinformatics/bty1044	2018-12-24	M3Drop: dropout-based feature selection for scRNASeq
10.1016/j.cell.2018.05.061	2018-07	Recovering Gene Interactions from Single-Cell Data Using Data Diffusion
10.1186/s13059-015-0844-5	2015-12	MAST: a flexible statistical framework for assessing transcriptional changes and characterizing heterogeneity in single-cell RNA sequencing data
10.1186/s13059-017-1269-0	2017-07-24	MATCHER: manifold alignment reveals correspondence between single cell transcriptome and epigenome dynamics
10.1038/s41467-018-03282-0	2018-02-28	Characterizing the replicability of cell types defined by single cell RNA-sequencing data using MetaNeighbor
10.12688/wellcomeopenres.11087.1	2017-03-15	Probabilistic modeling of bifurcations in single-cell gene expression data using a Bayesian mixture of factor analyzers
10.7717/peerj.6970	2019-05-27	Detection of condition-specific marker genes from RNA-seq data with MGFR
10.1016/j.cell.2016.11.038	2016-12	Perturb-Seq: Dissecting Molecular Circuits with Scalable Single-Cell RNA Profiling of Pooled Genetic Screens
10.1093/bioinformatics/btz351	2019-07	Minnow: a principled framework for rapid simulation of dscRNA-seq data at the read level
10.15252/msb.20178124	2018-06	Multi‐Omics Factor Analysis—a framework for unsupervised integration of multi‐omics data sets
10.1038/nbt.2859	2014-03-23	The dynamics and regulators of cell fate decisions are revealed by pseudotemporal ordering of single cells
10.1038/nmeth.4150	2017-01-23	Single-cell mRNA quantification and differential analysis with Census
10.1038/nmeth.4402	2017-08-21	Reversed graph embedding resolves complex single-cell trajectories
10.1038/ncomms11988	2016-06-30	Mpath maps multi-branching single-cell trajectories revealing progenitor cell progression during development
10.1093/bioinformatics/bty050	2018-02-08	Spectral clustering based on learning similarity matrix
10.1038/s41467-019-10216-x	2019-05-20	Model-based understanding of single-cell CRISPR screening
10.1186/s13059-018-1438-9	2018-05-31	UMI-count modeling and differential expression analysis for single-cell RNA sequencing
10.1016/j.cels.2018.05.017	2018-08	Generalizable and Scalable Visualization of Single-Cell Data Using Neural Networks
10.1016/j.cels.2017.08.014	2017-09	Gene Regulatory Network Inference from Single-Cell Data Using Multivariate Information Measures
10.1093/bioinformatics/btw607	2016-09-23	Robust classification of single-cell transcriptome data by nonnegative matrix factorization
10.1093/bioinformatics/btw004	2016-01-06	OEFinder: a user interface to identify and visualize ordering effects in single-cell RNA-seq data
10.1093/bioinformatics/bty1016	2018-12-10	Optimal Gene Filtering for Single-Cell data (OGFSC)—a gene filtering algorithm for single-cell RNA-seq data
10.1038/nmeth.3549	2015-08-24	Oscope identifies oscillatory genes in unsynchronized single-cell RNA-seq experiments
10.1093/bioinformatics/bty498	2018-06-23	A descriptive marker gene approach to single-cell pseudotime inference
10.1038/s41587-019-0068-4	2019-03-21	Characterization of cell fate probabilities in single-cell data with Palantir
10.1093/bioinformatics/bty702	2018-08-28	Parallel clustering of single cell transcriptomic data with split-merge sampling on Dirichlet process mixtures
10.1186/s12859-016-0984-y	2016-03-22	pcaReduce: hierarchical clustering of single cell transcriptional profiles
10.1016/j.cels.2017.10.012	2018-01	Unsupervised Trajectory Analysis of Single-Cell RNA-Seq and Imaging Data Reveals Alternative Tuft Cell Origins in the Gut
10.1038/s41467-018-04696-6	2018-06-22	Uncovering pseudotemporal trajectories with covariates from single cell and bulk expression data
10.1186/s12859-017-1994-0	2018-01-05	PIVOT: platform for interactive analysis and visualization of transcriptomics data
10.1093/bioinformatics/btx435	2017-07-11	powsimR: power analysis for bulk and single cell RNA-seq experiments
10.1093/bioinformatics/btz078	2019-02-01	PROSSTT: probabilistic simulation of single-cell RNA-seq data for complex differentiation processes
10.1038/s41587-019-0088-0	2019-04	Inferring population dynamics from single-cell RNA-sequencing time series data
10.1016/j.celrep.2019.01.063	2019-02	PyMINEr Finds Gene and Autocrine-Paracrine Networks from Human Islet scRNA-Seq
10.1093/bioinformatics/bty950	2018-11-16	pyNVR: investigating factors affecting feature selection from scRNA-seq data for lineage reconstruction
10.1016/j.stem.2016.05.010	2016-08	De Novo Prediction of Stem Cell Identity using Single-Cell Transcriptome Data
10.1093/bioinformatics/bty260	2018-06-27	Random forest based similarity learning for single cell RNA sequencing data
10.1038/ng.3818	2017-03-20	Reference component analysis of single-cell transcriptomes elucidates cellular heterogeneity in human colorectal tumors
10.1038/s41467-017-00039-z	2017-06-19	Reconstructing cell cycle pseudo time-series via single-cell transcriptome data
10.1186/s12859-019-2977-0	2019-07-12	RESCUE: imputing dropout events in single-cell RNA-sequencing data
10.1089/cmb.2018.0255	2019-08	Truncated Robust Principal Component Analysis and Noise Reduction for Single Cell RNA Sequencing Data
10.1093/bioinformatics/bty793	2018-09-08	SAFE-clustering: Single-cell Aggregated (from Ensemble) clustering for single-cell RNA-seq data
10.1186/s12864-017-4019-5	2017-10	SAIC: an iterative clustering approach for analysis of single cell RNA-seq data
10.1038/nmeth.4197	2017-03-06	Salmon provides fast and bias-aware quantification of transcript expression
10.1186/s13059-019-1670-y	2019-03-27	Alevin efficiently estimates accurate gene abundances from dscRNA-seq data
10.1093/bioinformatics/btt511	2013-08-31	SAMstrt: statistical test for differential expression in single-cell transcriptome with spike-in normalization
10.1038/s41592-018-0033-z	2018-06-25	SAVER: gene expression recovery for single-cell RNA sequencing
10.1093/bioinformatics/bty329	2018-04-24	Two-phase differential expression analysis for single cell RNA-seq
10.1038/nmeth.4236	2017-03-27	SC3: consensus clustering of single-cell RNA-seq data
10.1186/s13059-017-1200-8	2017-04-26	SCALE: modeling allele-specific gene expression by single-cell RNA sequencing
10.1186/s13059-019-1766-4	2019-08-14	scAlign: a tool for alignment, integration, and rare cell identification from scRNA-seq data
10.1038/s41587-019-0113-3	2019-05-06	Efficient integration of heterogeneous single-cell transcriptomes using Scanorama
10.1186/s13059-017-1382-0	2018-02-06	SCANPY: large-scale single-cell gene expression data analysis
10.1093/bioinformatics/btw777	2017-01-14	Scater: pre-processing, quality control, normalization and visualization of single-cell RNA-seq data in R
10.1038/s41592-019-0355-5	2019-03-18	Cell composition analysis of bulk genomics using single-cell data
10.1093/bib/bby076	2018-08-22	Impact of similarity metrics on single-cell RNA-seq data clustering
10.12688/f1000research.16198.1	2018-09-21	scClustViz – Single-cell RNAseq cluster assessment and visualization
10.1186/s13059-016-1077-y	2016-10-25	A statistical approach for identifying differential distributions in single-cell RNA-seq experiments
10.1038/nmeth.2967	2014-05-18	Bayesian approach to single-cell differential expression analysis
10.1038/s42256-019-0037-0	2019-04	Clustering single-cell RNA-seq data with a model-based deep learning approach
10.1186/s12918-018-0652-0	2018-12	scdNet: a computational tool for single-cell differential network analysis
10.1093/bioinformatics/btw201	2016-04-19	SCell: integrated analysis of single-cell RNA-seq data
10.1038/ncomms15599	2017-06-01	Single-cell entropy for accurate estimation of differentiation potency from a cell’s transcriptome
10.1093/bioinformatics/bty058	2018-02-05	scEpath: energy landscape-based inference of transition probabilities and cellular trajectories from single-cell transcriptomic data
10.1371/journal.pcbi.1006733	2019-02-28	Integration of single-cell RNA-seq data into population models to characterize cancer metabolism
10.1007/978-3-319-78723-7_31	2018	scFeatureFilter: Correlation-Based Feature Filtering for Single-Cell RNAseq
10.1038/s41592-019-0494-8	2019-07-29	scGen predicts single-cell perturbation responses
10.1038/s41596-018-0058-x	2018-10-23	Large-scale reconstruction of cell lineages using single-cell readout of transcriptomes and CRISPR–Cas9 barcodes by scGESTALT
10.1093/bioinformatics/btz627	2019-08-08	scHinter: Imputing dropout events for single-cell RNA-seq data with limited sample size
10.1038/s41467-018-03405-7	2018-03-08	An accurate and robust imputation method scImpute for single-cell RNA-seq data
10.3390/genes10070531	2019-07-12	SCINA: Semi-Supervised Analysis of Single Cells in Silico
10.1038/nbt.3102	2015-01-19	Computational analysis of cell-to-cell heterogeneity in single-cell RNA-sequencing data reveals hidden subpopulations of cells
10.1038/nmeth.4644	2018-04-02	scmap: projection of single-cell RNA-seq data across data sets
10.1093/bioinformatics/btz292	2019-04-26	scMatch: a single-cell gene expression profile annotation tool using reference datasets
10.1016/j.cell.2018.02.001	2018-02	Mapping the Mouse Cell Atlas by Microwell-Seq
10.1073/pnas.1820006116	2019-04-26	scMerge leverages factor analysis, stable expression, and pseudoreplication to merge multiple single-cell RNA-seq datasets
10.1093/bioinformatics/btz288	2019-04-26	Cell-level somatic mutation detection from single-cell RNA sequencing
10.1186/s12918-019-0699-6	2019-04	A fast and efficient count-based matrix factorization method for detecting cell types from single-cell RNAseq data
10.1038/nmeth.4263	2017-04-17	SCnorm: robust normalization of single-cell RNA-seq data
10.1186/s12864-019-5747-5	2019-05-08	scNPF: an integrative framework assisted by network propagation and network fusion for preprocessing of single-cell RNA-seq data
10.1186/s12918-018-0581-y	2018-05-25	SCNS: a graphical tool for reconstructing executable regulatory networks from single-cell genomic data
10.1016/j.cell.2018.05.057	2018-08	A Single-Cell Transcriptome Atlas of the Aging Drosophila Brain
10.1016/j.compbiolchem.2019.03.013	2019-06	SCOUT: A new algorithm for the inference of pseudo-time trajectory using single-cell data
10.1093/bioinformatics/btw484	2016-08-06	scphaser: haplotype inference using single-cell RNA-seq data
10.1371/journal.pcbi.1006361	2018-08-10	scPipe: A flexible R/Bioconductor preprocessing pipeline for single-cell RNA-sequencing data
10.1186/s12864-017-4253-x	2017-11-25	Mosaic autosomal aneuploidies are detectable from single-cell RNAseq data
10.1016/j.cels.2019.05.007	2019-06	Subpopulation Detection and Their Comparative Analysis across Single-Cell Experiments with scPopCorn
10.1016/j.ygeno.2019.02.014	2019-02	Screen technical noise in single cell RNA sequencing data
10.1186/s13059-019-1681-8	2019-05-06	SCRABBLE: single-cell RNA-seq imputation constrained by bulk RNA-seq data
10.1186/s13059-016-0947-7	2016-04-27	Pooling across cells to normalize single-cell RNA sequencing data with many zero counts
10.1109/TBME.2019.2937228	NA	NA
10.1111/biom.13074	2019-06-17	Detection of differentially expressed genes in discrete single‐cell RNA sequencing data using a hurdle model with correlated random effects
10.1093/nar/gkx750	2017-08-28	Network embedding-based representation learning for single cell RNA-seq data
10.1093/bioinformatics/btz601	2019-08-02	scRNABatchQC: multi-samples quality control for single cell RNA-seq data
10.1093/bioinformatics/btz240	2019-04-05	scRNAss: a single-cell RNA-seq assembler via imputing dropouts and combing junctions
10.1038/s41592-019-0353-7	2019-03-18	Scalable analysis of cell-type composition from single-cell transcriptomics using deep recurrent learning
10.1038/nbt.3854	2017-05-01	Single-cell topological RNA-seq analysis reveals insights into cellular differentiation and development
10.1073/pnas.1408993111	2014-12-15	Bifurcation analysis of single-cell gene expression data reveals epigenetic landscape
10.1371/journal.pcbi.1006053	2018-04-09	A multitask clustering approach for single-cell RNA-seq analysis in Recessive Dystrophic Epidermolysis Bullosa
10.1186/s12864-016-2897-6	2016-08	Detection of high variability in gene expression from single-cell RNA-seq profiling
10.1038/s41592-018-0229-2	2018-11-30	Deep generative modeling for single-cell transcriptomics
10.1038/s41467-018-04368-5	2018-05-21	Interpretable dimensionality reduction of single cell transcriptome data with deep generative models
10.1093/bib/bbx074	2017-07-07	SEGtool: a specifically expressed gene detection tool and applications in human tissue and single-cell sequencing data
10.1038/nbt.3192	2015-04-13	Spatial reconstruction of single-cell gene expression data
10.1038/nbt.4096	2018-04-02	Integrating single-cell transcriptomic data across different conditions, technologies, and species
10.1016/j.cell.2019.05.031	2019-06	Comprehensive Integration of Single-Cell Data
10.1016/j.ymeth.2018.04.017	2018-08	SigEMD: A powerful method for differential gene expression analysis in single-cell RNA sequencing data
10.1371/journal.pcbi.1006369	2018-08-13	SILGGM: An extensive R package for efficient statistical inference in large-scale gene networks
10.1038/nmeth.4207	2017-03-06	Visualization and analysis of single-cell RNA-seq data by kernel-based similarity learning
10.1002/pmic.201700232	2018-01	SIMLR: A Tool for Large-Scale Genomic Analyses by Multi-Kernel Learning
10.1093/bioinformatics/btv368	2015-06-22	Sincell: an R/Bioconductor package for statistical assessment of cell-state hierarchies from single-cell RNA-seq: Fig. 1.
10.1371/journal.pcbi.1004575	2015-11-24	SINCERA: A Pipeline for Single-Cell RNA-Seq Profiling Analysis
10.1007/978-1-4939-7710-9_15	2018	Single-Cell Transcriptome Analysis Using SINCERA Pipeline
10.1093/bioinformatics/btx575	2017-09-14	SINCERITIES: inferring gene regulatory networks from time-stamped single cell transcriptional expression profiles
10.1093/bioinformatics/btx297	2017-05-04	SinCHet: a MATLAB toolbox for single cell heterogeneity analysis in cancer
10.1186/s12864-019-6053-y	2019-08-27	Single Cell Explorer, collaboration-driven tools to leverage large-scale single cell RNA-seq data
10.1016/j.cels.2019.06.004	2019-08	SingleCellNet: A Computational Tool to Classify Single Cell RNA-Seq Data Across Platforms and Across Species
10.1038/s41590-018-0276-y	2019-01-14	Reference-based analysis of lung single-cell sequencing reveals a transitional profibrotic macrophage
10.1093/nar/gkv1525	2016-01-05	Robust detection of alternative splicing in a population of single cells
10.1093/bioinformatics/btz139	2019-03-01	SinNLRR: a robust subspace clustering method for cell type detection by non-negative and low-rank representation
10.1093/bioinformatics/btw176	2016-04-10	Quality control of single-cell RNA-seq by SinQC
10.1186/s13059-017-1334-8	2017-11-07	f-scLVM: scalable and versatile factor analysis for single-cell RNA-seq
10.1093/nar/gkw1278	2016-12-19	SLICE: determining cell differentiation and lineage based on single cell entropy
10.1186/s13059-016-0975-3	2016-05-23	SLICER: inferring branched, nonlinear cellular trajectories from single cell RNA-seq data
10.1186/s12864-018-4772-0	2018-06-19	Slingshot: cell lineage and pseudotime inference for single-cell transcriptomics
10.1093/bioinformatics/btv088	2015-02-11	Identification of cell types from single-cell transcriptomes using a novel clustering method
10.1073/pnas.1817715116	2018-12-26	Semisoft clustering of single-cell data
10.1038/nbt.1991	2011-10	Extracting a cellular hierarchy from high-dimensional cytometry data with SPADE
10.1038/nprot.2016.066	2016-06-16	Visualization and cellular hierarchy inference of single-cell data using SPADE
10.1093/nar/gkx1113	2017-11-13	A sparse differential clustering algorithm for tracing cell type changes via single-cell RNA-sequencing data
10.1186/s13059-017-1305-0	2017-09-12	Splatter: simulation of single-cell RNA sequencing data
10.1016/j.gpb.2018.10.003	2019-04	SSCC: A Novel Computational Framework for Rapid and Accurate Clustering Large-scale Single Cell RNA-seq Data
10.1038/s41467-018-07170-5	2018-11-20	Using single nucleotide variations in single-cell RNA-seq to identify subpopulations and genotype-phenotype linkage
10.1093/bioinformatics/bts635	2012-10-25	STAR: ultrafast universal RNA-seq aligner
10.1038/ncb3493	2017-03-20	Human haematopoietic stem cell lineage commitment is a continuous process
10.1038/s41467-019-09670-4	2019-04-23	Single-cell trajectories reconstruction, exploration and mapping of omics data with STREAM
10.1093/bioinformatics/btw798	2016-12-23	switchde: inference of switch-like differential expression along single-cell trajectories
10.1016/j.cels.2018.10.015	2018-12	Visualizing and Interpreting Single-Cell Gene Expression Datasets with Similarity Weighted Nonnegative Embedding
10.1038/s41467-019-10500-w	2019-06-13	Simulating multiple faceted variability in single cell RNA sequencing
10.1093/nar/gkz147	2019-03-01	A general computational approach to predicting synergistic transcriptional cores that determine cell subpopulation identities
10.1093/nar/gkx754	2017-09-25	Accounting for technical noise in differential expression analysis of single-cell RNA sequencing data
10.1093/bioinformatics/btx173	2017-04-04	TASIC: determining branching models from time series single cell data
10.1038/s41467-018-05112-9	2018-07-16	TCM visualizes trajectories and cell populations from single cell data
10.1038/nmeth.3800	2016-03-07	T cell fate and clonality inference from single-cell transcriptomes
10.1093/nar/gkx615	2017-07-17	Targeted reconstruction of T cell receptor sequence from single cell RNA-seq links CDR3 length to T cell differentiation state
10.1038/nmeth.4634	2018-03-19	Identification of spatial expression trends in single-cell gene expression data
10.1093/bioinformatics/bty283	2018-04-16	TRUmiCount: correctly counting absolute numbers of molecules using unique molecular identifiers
10.1093/nar/gkw430	2016-05-13	TSCAN: Pseudo-time reconstruction and evaluation in single-cell RNA-seq analysis
10.1186/s12864-019-5477-8	2019-04	TSEE: an elastic embedding method to visualize the dynamic gene expression patterns of time series single-cell RNA sequencing data
10.1038/s41586-018-0836-1	2019-01	Genomic encoding of transcriptional burst kinetics
10.1038/nmeth.4220	2017-03-06	Power analysis of single-cell RNA-sequencing experiments
10.1093/bioinformatics/bty293	2018-06-27	Scalable preprocessing for sparse scRNA-seq data exploiting prior knowledge
10.1126/science.aar3131	2018-04-26	Single-cell reconstruction of developmental trajectories during zebrafish embryogenesis
10.1016/j.gpb.2018.08.003	2018-10	VASC: Dimension Reduction and Visualization of Single-cell RNA-seq Data by Deep Variational Autoencoder
10.1093/bioinformatics/bty203	2018-04-05	B-cell receptor reconstruction from single-cell RNA-seq with VDJPuzzle
10.1038/s41586-018-0414-6	2018-08	RNA velocity of single cells
10.1186/s13059-018-1575-1	2018-11-12	VIPER: variability-preserving imputation for accurate gene expression recovery in single-cell RNA sequencing studies
10.1007/s12539-017-0277-9	2017-12-26	visnormsc: A Graphical User Interface to Normalize Single-cell RNA Sequencing Data
10.1186/s13059-016-1033-x	2016-08-17	Single-cell RNA-seq reveals novel regulators of human embryonic stem cell differentiation to definitive endoderm
10.1038/nbt.3569	2016-05-02	Wishbone identifies bifurcating developmental trajectories from single-cell data
10.1016/j.cell.2019.01.006	2019-02	Optimal-Transport Analysis of Single-Cell Gene Expression Identifies Developmental Trajectories in Reprogramming
10.1038/s41598-019-47016-8	2019-07-19	Wx: a neural network-based feature selection algorithm for transcriptomic data
10.1186/s13059-015-0805-z	2015-11-02	ZIFA: Dimensionality reduction for zero-inflated single-cell gene expression analysis
10.1038/s41467-017-02554-5	2018-01-18	A general and flexible method for signal extraction from single-cell RNA-seq data
10.1186/s13059-018-1406-4	2018-02-26	Observation weights unlock bulk RNA-seq tools for zero inflation and single-cell applications
10.1093/gigascience/giy059	2018-05-26	zUMIs - A fast and flexible pipeline to process RNA sequencing data with UMIs
