DOI	arXiv	Preprint	Date	Title
10.1002/pmic.201700232	FALSE	FALSE	2018-01	SIMLR: A Tool for Large-Scale Genomic Analyses by Multi-Kernel Learning
10.1007/978-1-4939-7710-9_15	FALSE	FALSE	2018	Single-Cell Transcriptome Analysis Using SINCERA Pipeline
10.1007/978-3-030-26969-2_47	FALSE	FALSE	2019	EnsembleKQC: An Unsupervised Ensemble Learning Method for Quality Control of Single Cell RNA-seq Sequencing Data
10.1007/978-3-319-78723-7_31	FALSE	FALSE	2018	scFeatureFilter: Correlation-Based Feature Filtering for Single-Cell RNAseq
10.1007/s12539-017-0277-9	FALSE	FALSE	2017-12-26	visnormsc: A Graphical User Interface to Normalize Single-cell RNA Sequencing Data
10.1016/j.cell.2016.11.038	FALSE	FALSE	2016-12	Perturb-Seq: Dissecting Molecular Circuits with Scalable Single-Cell RNA Profiling of Pooled Genetic Screens
10.1016/j.cell.2018.02.001	FALSE	FALSE	2018-02	Mapping the Mouse Cell Atlas by Microwell-Seq
10.1016/j.cell.2018.05.057	FALSE	FALSE	2018-08	A Single-Cell Transcriptome Atlas of the Aging Drosophila Brain
10.1016/j.cell.2018.05.061	FALSE	FALSE	2018-07	Recovering Gene Interactions from Single-Cell Data Using Data Diffusion
10.1016/j.cell.2019.01.006	FALSE	FALSE	2019-02	Optimal-Transport Analysis of Single-Cell Gene Expression Identifies Developmental Trajectories in Reprogramming
10.1016/j.cell.2019.05.006	FALSE	FALSE	2019-06	Single-Cell Multi-omic Integration Compares and Contrasts Features of Brain Cell Identity
10.1016/j.cell.2019.05.031	FALSE	FALSE	2019-06	Comprehensive Integration of Single-Cell Data
10.1016/j.celrep.2018.05.002	FALSE	FALSE	2018-06	Transcriptional Dynamics of Hair-Bundle Morphogenesis Revealed with CellTrails
10.1016/j.celrep.2019.01.063	FALSE	FALSE	2019-02	PyMINEr Finds Gene and Autocrine-Paracrine Networks from Human Islet scRNA-Seq
10.1016/j.celrep.2019.09.082	FALSE	FALSE	2019-11	DoubletDecon: Deconvoluting Doublets from Single-Cell RNA-Sequencing Data
10.1016/j.cels.2016.08.011	FALSE	FALSE	2016-10	A Single-Cell Transcriptomic Map of the Human and Mouse Pancreas Reveals Inter- and Intra-cell Population Structure
10.1016/j.cels.2017.08.014	FALSE	FALSE	2017-09	Gene Regulatory Network Inference from Single-Cell Data Using Multivariate Information Measures
10.1016/j.cels.2017.10.012	FALSE	FALSE	2018-01	Unsupervised Trajectory Analysis of Single-Cell RNA-Seq and Imaging Data Reveals Alternative Tuft Cell Origins in the Gut
10.1016/j.cels.2018.05.017	FALSE	FALSE	2018-08	Generalizable and Scalable Visualization of Single-Cell Data Using Neural Networks
10.1016/j.cels.2018.06.011	FALSE	FALSE	2018-09	Correcting the Mean-Variance Dependency for Differential Variability Testing Using Single-Cell RNA Sequencing Data
10.1016/j.cels.2018.10.015	FALSE	FALSE	2018-12	Visualizing and Interpreting Single-Cell Gene Expression Datasets with Similarity Weighted Nonnegative Embedding
10.1016/j.cels.2019.03.003	FALSE	FALSE	2019-04	DoubletFinder: Doublet Detection in Single-Cell RNA Sequencing Data Using Artificial Nearest Neighbors
10.1016/j.cels.2019.05.007	FALSE	FALSE	2019-06	Subpopulation Detection and Their Comparative Analysis across Single-Cell Experiments with scPopCorn
10.1016/j.cels.2019.06.004	FALSE	FALSE	2019-08	SingleCellNet: A Computational Tool to Classify Single Cell RNA-Seq Data Across Platforms and Across Species
10.1016/j.cels.2019.07.012	FALSE	FALSE	2019-09	Valid Post-clustering Differential Analysis for Single-Cell RNA-Seq
10.1016/j.cels.2019.10.007	FALSE	FALSE	2019-11	Reconstruction of Cell-type-Specific Interactomes at Single-Cell Resolution
10.1016/j.cels.2020.02.003	FALSE	FALSE	2020-03	Inferring Causal Gene Regulatory Networks from Coupled Single-Cell Expression Dynamics Using Scribe
10.1016/j.compbiolchem.2019.03.013	FALSE	FALSE	2019-06	SCOUT: A new algorithm for the inference of pseudo-time trajectory using single-cell data
10.1016/j.compbiolchem.2020.107283	FALSE	FALSE	2020-05	Effective single-cell clustering through ensemble feature selection and similarity measurements
10.1016/j.exphem.2019.08.009	FALSE	FALSE	2019-09	Machine learning predicts putative haematopoietic stem cells within large single-cell transcriptomics datasets
10.1016/j.gpb.2018.08.003	FALSE	FALSE	2018-10	VASC: Dimension Reduction and Visualization of Single-cell RNA-seq Data by Deep Variational Autoencoder
10.1016/j.gpb.2018.10.003	FALSE	FALSE	2019-04	SSCC: A Novel Computational Framework for Rapid and Accurate Clustering Large-scale Single Cell RNA-seq Data
10.1016/j.immuni.2019.11.014	FALSE	FALSE	2020-01	Immune Landscape of Viral- and Carcinogen-Driven Head and Neck Cancer
10.1016/j.isci.2020.100882	FALSE	FALSE	2020-03	scCATCH: Automatic Annotation on Cell Types of Clusters from Single-Cell RNA Sequencing Data
10.1016/j.isci.2020.100914	FALSE	FALSE	2020-02	scID uses discriminant analysis to identify transcriptionally equivalent cell types across single cell RNA-seq data with batch effect
10.1016/j.molcel.2017.06.003	FALSE	FALSE	2017-07	Single-Cell Alternative Splicing Analysis with Expedition Reveals Splicing Dynamics during Neuron Differentiation
10.1016/j.patter.2020.100035	FALSE	FALSE	2020-05	A Random Matrix Theory Approach to Denoise Single-Cell Data
10.1016/j.stem.2016.05.010	FALSE	FALSE	2016-08	De Novo Prediction of Stem Cell Identity using Single-Cell Transcriptome Data
10.1016/j.ygeno.2019.02.014	FALSE	FALSE	2019-02	Screen technical noise in single cell RNA sequencing data
10.1016/j.ymeth.2018.04.017	FALSE	FALSE	2018-08	SigEMD: A powerful method for differential gene expression analysis in single-cell RNA sequencing data
10.1038/nature14966	FALSE	FALSE	2015-08-19	Single-cell messenger RNA sequencing reveals rare intestinal cell types
10.1038/nature19348	FALSE	FALSE	2016-08-31	Single-cell analysis of mixed-lineage states leading to a binary cell fate choice
10.1038/nbt.1991	FALSE	FALSE	2011-10	Extracting a cellular hierarchy from high-dimensional cytometry data with SPADE
10.1038/nbt.2859	FALSE	FALSE	2014-03-23	The dynamics and regulators of cell fate decisions are revealed by pseudotemporal ordering of single cells
10.1038/nbt.3102	FALSE	FALSE	2015-01-19	Computational analysis of cell-to-cell heterogeneity in single-cell RNA-sequencing data reveals hidden subpopulations of cells
10.1038/nbt.3192	FALSE	FALSE	2015-04-13	Spatial reconstruction of single-cell gene expression data
10.1038/nbt.3519	FALSE	FALSE	2016-04-04	Near-optimal probabilistic RNA-seq quantification
10.1038/nbt.3569	FALSE	FALSE	2016-05-02	Wishbone identifies bifurcating developmental trajectories from single-cell data
10.1038/nbt.3854	FALSE	FALSE	2017-05-01	Single-cell topological RNA-seq analysis reveals insights into cellular differentiation and development
10.1038/nbt.4042	FALSE	FALSE	2017-12-11	Multiplexed droplet single-cell RNA-sequencing using natural genetic variation
10.1038/nbt.4091	FALSE	FALSE	2018-04-02	Batch effects in single-cell RNA-sequencing data are corrected by matching mutual nearest neighbors
10.1038/nbt.4096	FALSE	FALSE	2018-04-02	Integrating single-cell transcriptomic data across different conditions, technologies, and species
10.1038/ncb3493	FALSE	FALSE	2017-03-20	Human haematopoietic stem cell lineage commitment is a continuous process
10.1038/ncb3494	FALSE	FALSE	2017-04	Demystifying blood stem cell fates
10.1038/ncomms11988	FALSE	FALSE	2016-06-30	Mpath maps multi-branching single-cell trajectories revealing progenitor cell progression during development
10.1038/ncomms14049	FALSE	FALSE	2017-01-16	Massively parallel digital transcriptional profiling of single cells
10.1038/ncomms15599	FALSE	FALSE	2017-06-01	Single-cell entropy for accurate estimation of differentiation potency from a cell’s transcriptome
10.1038/ng.3818	FALSE	FALSE	2017-03-20	Reference component analysis of single-cell transcriptomes elucidates cellular heterogeneity in human colorectal tumors
10.1038/nmeth.2967	FALSE	FALSE	2014-05-18	Bayesian approach to single-cell differential expression analysis
10.1038/nmeth.3549	FALSE	FALSE	2015-08-24	Oscope identifies oscillatory genes in unsynchronized single-cell RNA-seq experiments
10.1038/nmeth.3800	FALSE	FALSE	2016-03-07	T cell fate and clonality inference from single-cell transcriptomes
10.1038/nmeth.3971	FALSE	FALSE	2016-08-29	Diffusion pseudotime robustly reconstructs lineage branching
10.1038/nmeth.4150	FALSE	FALSE	2017-01-23	Single-cell mRNA quantification and differential analysis with Census
10.1038/nmeth.4197	FALSE	FALSE	2017-03-06	Salmon provides fast and bias-aware quantification of transcript expression
10.1038/nmeth.4207	FALSE	FALSE	2017-03-06	Visualization and analysis of single-cell RNA-seq data by kernel-based similarity learning
10.1038/nmeth.4220	FALSE	FALSE	2017-03-06	Power analysis of single-cell RNA-sequencing experiments
10.1038/nmeth.4236	FALSE	FALSE	2017-03-27	SC3: consensus clustering of single-cell RNA-seq data
10.1038/nmeth.4263	FALSE	FALSE	2017-04-17	SCnorm: robust normalization of single-cell RNA-seq data
10.1038/nmeth.4402	FALSE	FALSE	2017-08-21	Reversed graph embedding resolves complex single-cell trajectories
10.1038/nmeth.4463	FALSE	FALSE	2017-10-09	SCENIC: single-cell regulatory network inference and clustering
10.1038/nmeth.4628	FALSE	FALSE	2018-03-12	Alignment of single-cell trajectories to compare cellular expression dynamics
10.1038/nmeth.4634	FALSE	FALSE	2018-03-19	Identification of spatial expression trends in single-cell gene expression data
10.1038/nmeth.4644	FALSE	FALSE	2018-04-02	scmap: projection of single-cell RNA-seq data across data sets
10.1038/nmeth.4662	FALSE	FALSE	2018-04-09	FateID infers cell fate bias in multipotent progenitors from single-cell RNA-seq data
10.1038/nprot.2016.066	FALSE	FALSE	2016-06-16	Visualization and cellular hierarchy inference of single-cell data using SPADE
10.1038/s41421-019-0114-x	FALSE	FALSE	2019-09-24	A novel approach to remove the batch effect of single-cell data
10.1038/s41467-017-00039-z	FALSE	FALSE	2017-06-19	Reconstructing cell cycle pseudo time-series via single-cell transcriptome data
10.1038/s41467-017-01188-x	FALSE	FALSE	2017-10-19	Genome-wide prediction of DNase I hypersensitivity using gene expression
10.1038/s41467-017-02554-5	FALSE	FALSE	2018-01-18	A general and flexible method for signal extraction from single-cell RNA-seq data
10.1038/s41467-018-03214-y	FALSE	FALSE	2018-03-01	Reconstruction of complex single-cell trajectories using CellRouter
10.1038/s41467-018-03282-0	FALSE	FALSE	2018-02-28	Characterizing the replicability of cell types defined by single cell RNA-sequencing data using MetaNeighbor
10.1038/s41467-018-03405-7	FALSE	FALSE	2018-03-08	An accurate and robust imputation method scImpute for single-cell RNA-seq data
10.1038/s41467-018-03933-2	FALSE	FALSE	2018-04-17	A geometric approach to characterize the functional identity of single cells
10.1038/s41467-018-04368-5	FALSE	FALSE	2018-05-21	Interpretable dimensionality reduction of single cell transcriptome data with deep generative models
10.1038/s41467-018-04696-6	FALSE	FALSE	2018-06-22	Uncovering pseudotemporal trajectories with covariates from single cell and bulk expression data
10.1038/s41467-018-05083-x	FALSE	FALSE	2018-07-10	Detection and removal of barcode swapping in single-cell RNA-seq data
10.1038/s41467-018-05112-9	FALSE	FALSE	2018-07-16	TCM visualizes trajectories and cell populations from single cell data
10.1038/s41467-018-05988-7	FALSE	FALSE	2018-09-11	GraphDDP: a graph-embedding approach to detect differentiation pathways in single-cell-data using prior class knowledge
10.1038/s41467-018-07170-5	FALSE	FALSE	2018-11-20	Using single nucleotide variations in single-cell RNA-seq to identify subpopulations and genotype-phenotype linkage
10.1038/s41467-018-07234-6	FALSE	FALSE	2018-11-09	Discovery of rare cells from voluminous single cell expression data
10.1038/s41467-018-07931-2	FALSE	FALSE	2019-01-23	Single-cell RNA-seq denoising using a deep count autoencoder
10.1038/s41467-019-09639-3	FALSE	FALSE	2019-04-09	A Bayesian mixture model for clustering droplet-based single-cell transcriptomic data from population studies
10.1038/s41467-019-09670-4	FALSE	FALSE	2019-04-23	Single-cell trajectories reconstruction, exploration and mapping of omics data with STREAM
10.1038/s41467-019-10216-x	FALSE	FALSE	2019-05-20	Model-based understanding of single-cell CRISPR screening
10.1038/s41467-019-10500-w	FALSE	FALSE	2019-06-13	Simulating multiple faceted variability in single cell RNA sequencing
10.1038/s41467-019-11591-1	FALSE	FALSE	2019-08-14	A general approach for detecting expressed mutations in AML cells using single cell RNA-sequencing
10.1038/s41467-019-12235-0	FALSE	FALSE	2019-09-26	Functional interpretation of single cell similarity maps
10.1038/s41467-019-12547-1	FALSE	FALSE	2019-10-10	DC3 is a method for deconvolution and coupled clustering from bulk and single-cell genomics data
10.1038/s41467-019-13099-0	FALSE	FALSE	2019-11-15	A Bayesian mixture model for the analysis of allelic expression in single cells
10.1038/s41467-019-13779-x	FALSE	FALSE	2020-01-03	CaSpER identifies and visualizes CNV events by integrative analysis of single-cell or bulk RNA-sequencing data
10.1038/s41467-020-15298-6	FALSE	FALSE	2020-03-27	Integrative differential expression and gene set enrichment analysis using summary statistics for scRNA-seq studies
10.1038/s41467-020-15968-5	FALSE	FALSE	2020-04-29	Inferring spatial and signaling relationships between cells from single cell transcriptomic data
10.1038/s41586-018-0414-6	FALSE	FALSE	2018-08	RNA velocity of single cells
10.1038/s41586-018-0698-6	FALSE	FALSE	2018-11	Single-cell reconstruction of the early maternal–fetal interface in humans
10.1038/s41586-018-0836-1	FALSE	FALSE	2019-01	Genomic encoding of transcriptional burst kinetics
10.1038/s41586-019-1367-0	FALSE	FALSE	2019-07	Somatic mutations and cell identity linked by Genotyping of Transcriptomes
10.1038/s41587-019-0068-4	FALSE	FALSE	2019-03-21	Characterization of cell fate probabilities in single-cell data with Palantir
10.1038/s41587-019-0071-9	FALSE	FALSE	2019-04-01	A comparison of single-cell trajectory inference methods
10.1038/s41587-019-0088-0	FALSE	FALSE	2019-04	Inferring population dynamics from single-cell RNA-sequencing time series data
10.1038/s41587-019-0113-3	FALSE	FALSE	2019-05-06	Efficient integration of heterogeneous single-cell transcriptomes using Scanorama
10.1038/s41590-018-0276-y	FALSE	FALSE	2019-01-14	Reference-based analysis of lung single-cell sequencing reveals a transitional profibrotic macrophage
10.1038/s41592-018-0033-z	FALSE	FALSE	2018-06-25	SAVER: gene expression recovery for single-cell RNA sequencing
10.1038/s41592-018-0082-3	FALSE	FALSE	2018-07-31	BraCeR: B-cell-receptor reconstruction and clonality inference from single-cell RNA-seq
10.1038/s41592-018-0229-2	FALSE	FALSE	2018-11-30	Deep generative modeling for single-cell transcriptomics
10.1038/s41592-018-0254-1	FALSE	FALSE	2018-12-20	A test metric for assessing single-cell RNA-seq batch correction
10.1038/s41592-019-0353-7	FALSE	FALSE	2019-03-18	Scalable analysis of cell-type composition from single-cell transcriptomics using deep recurrent learning
10.1038/s41592-019-0355-5	FALSE	FALSE	2019-03-18	Cell composition analysis of bulk genomics using single-cell data
10.1038/s41592-019-0425-8	FALSE	FALSE	2019-05-27	Benchmarking single cell RNA-sequencing analysis pipelines using mixture control experiments
10.1038/s41592-019-0466-z	FALSE	FALSE	2019-07-15	Joint analysis of heterogeneous single-cell RNA-seq dataset collections
10.1038/s41592-019-0494-8	FALSE	FALSE	2019-07-29	scGen predicts single-cell perturbation responses
10.1038/s41592-019-0529-1	FALSE	FALSE	2019-09-09	Probabilistic cell-type assignment of single-cell RNA-seq for tumor microenvironment profiling
10.1038/s41592-019-0535-3	FALSE	FALSE	2019-09-09	Supervised classification enables rapid annotation of cell atlases
10.1038/s41592-019-0537-1	FALSE	FALSE	2019-08-30	Data denoising with transfer learning in single-cell transcriptomics
10.1038/s41592-019-0576-7	FALSE	FALSE	2019-10-07	Exploring single-cell data with deep multitasking neural networks
10.1038/s41592-019-0632-3	FALSE	FALSE	2019-11-18	Revealing dynamics of gene expression variability in cell state space
10.1038/s41592-019-0667-5	FALSE	FALSE	2019-12-09	NicheNet: modeling intercellular communication by linking ligands to target genes
10.1038/s41592-019-0690-6	FALSE	FALSE	2020-01-06	Benchmarking algorithms for gene regulatory network inference from single-cell transcriptomic data
10.1038/s41592-020-0748-5	FALSE	FALSE	2020-03-02	TooManyCells identifies and visualizes relationships of single-cell clades
10.1038/s41592-020-0766-3	FALSE	FALSE	2020-03-16	Cardelino: computational integration of somatic clonal substructure and single-cell transcriptomes
10.1038/s41592-020-0820-1	FALSE	FALSE	2020-05-04	Souporcell: robust clustering of single-cell RNA-seq data by genotype without reference genotypes
10.1038/s41592-020-0825-9	FALSE	FALSE	2020-05-18	Putative cell type discovery from single-cell gene expression data
10.1038/s41596-018-0058-x	FALSE	FALSE	2018-10-23	Large-scale reconstruction of cell lineages using single-cell readout of transcriptomes and CRISPR–Cas9 barcodes by scGESTALT
10.1038/s41596-019-0246-3	FALSE	FALSE	2020-01-13	FLOW-MAP: a graph-based, force-directed layout algorithm for trajectory mapping in single-cell time course datasets
10.1038/s41596-019-0247-2	FALSE	FALSE	2020-02-12	CellTagging: combinatorial indexing to simultaneously map lineage and identity at single-cell resolution
10.1038/s41596-020-0292-x	FALSE	FALSE	2020-02-26	CellPhoneDB: inferring cell–cell communication from combined expression of multi-subunit ligand–receptor complexes
10.1038/s41598-017-13665-w	FALSE	FALSE	2017-10-19	Controlling for Confounding Effects in Single Cell RNA Sequencing Studies Using both Control and Target Genes
10.1038/s41598-018-34688-x	FALSE	FALSE	2018-11-05	AutoImpute: Autoencoder based imputation of single-cell RNA-seq data
10.1038/s41598-018-35365-9	FALSE	FALSE	2018-11-19	Detection of correlated hidden factors from single cell transcriptomes using Iteratively Adjusted-SVA (IA-SVA)
10.1038/s41598-019-45301-0	FALSE	FALSE	2019-06-20	Structure-preserving visualisation of high dimensional single-cell datasets
10.1038/s41598-019-47016-8	FALSE	FALSE	2019-07-19	Wx: a neural network-based feature selection algorithm for transcriptomic data
10.1038/s41598-019-56911-z	FALSE	FALSE	2019-12	Using transfer learning from prior reference knowledge to improve the clustering of single-cell RNA-Seq data
10.1038/s41598-020-60400-z	FALSE	FALSE	2020-02-27	Reconstructing temporal and spatial dynamics from single-cell pseudotime using prior knowledge of real scale cell densities
10.1038/s42256-019-0037-0	FALSE	FALSE	2019-04	Clustering single-cell RNA-seq data with a model-based deep learning approach
10.1038/srep33892	FALSE	FALSE	2016-09-27	Identifying and removing the cell-cycle effect from single-cell RNA-Sequencing data
10.1073/pnas.1408993111	FALSE	FALSE	2014-12-15	Bifurcation analysis of single-cell gene expression data reveals epigenetic landscape
10.1073/pnas.1817715116	FALSE	FALSE	2018-12-26	Semisoft clustering of single-cell data
10.1073/pnas.1820006116	FALSE	FALSE	2019-04-26	scMerge leverages factor analysis, stable expression, and pseudoreplication to merge multiple single-cell RNA-seq datasets
10.1089/cmb.2018.0255	FALSE	FALSE	2019-08	Truncated Robust Principal Component Analysis and Noise Reduction for Single Cell RNA Sequencing Data
10.1089/cmb.2019.0337	FALSE	FALSE	2019-12-02	Semisupervised Generative Autoencoder for Single-Cell Data
10.1093/bib/bbx074	FALSE	FALSE	2017-07-07	SEGtool: a specifically expressed gene detection tool and applications in human tissue and single-cell sequencing data
10.1093/bib/bby076	FALSE	FALSE	2018-08-22	Impact of similarity metrics on single-cell RNA-seq data clustering
10.1093/bioinformatics/btaa087	FALSE	FALSE	2020-03-06	Statistical significance of cluster membership for unsupervised evaluation of single cell identities
10.1093/bioinformatics/btaa097	FALSE	FALSE	2020-02-13	scBatch: Batch Effect Correction of RNA-seq Data through Sample Distance Matrix Adjustment
10.1093/bioinformatics/btaa098	FALSE	FALSE	2020-02-13	ZIAQ: A quantile regression method for differential expression analysis of single-cell RNA-seq data
10.1093/bioinformatics/btaa108	FALSE	FALSE	2020-02-19	scTSSR: gene expression recovery for single-cell RNA sequencing using two-side sparse self-representation
10.1093/bioinformatics/btaa109	FALSE	FALSE	2020-02-19	CMF-Impute: An accurate imputation tool for single cell RNA-seq data
10.1093/bioinformatics/btaa137	FALSE	FALSE	2020-02-27	Ensemble learning for classifying single-cell data and projection across reference atlases
10.1093/bioinformatics/btaa189	FALSE	FALSE	2020-03-16	Projected t-SNE for batch correction
10.1093/bioinformatics/btaa269	FALSE	FALSE	2020-04-23	alona: a web server for single cell RNA-seq analysis
10.1093/bioinformatics/btq503	FALSE	FALSE	2010-09-01	CoGAPS: an R/C++ package to identify patterns and biological process activity in transcriptomic data
10.1093/bioinformatics/bts635	FALSE	FALSE	2012-10-25	STAR: ultrafast universal RNA-seq aligner
10.1093/bioinformatics/btt511	FALSE	FALSE	2013-08-31	SAMstrt: statistical test for differential expression in single-cell transcriptome with spike-in normalization
10.1093/bioinformatics/btu674	FALSE	FALSE	2014-10-21	Statistical significance of variables driving systematic variation in high-dimensional data
10.1093/bioinformatics/btv088	FALSE	FALSE	2015-02-11	Identification of cell types from single-cell transcriptomes using a novel clustering method
10.1093/bioinformatics/btv122	FALSE	FALSE	2015-02-24	Normalization and noise reduction for single cell RNA-seq experiments
10.1093/bioinformatics/btv368	FALSE	FALSE	2015-06-22	Sincell: an R/Bioconductor package for statistical assessment of cell-state hierarchies from single-cell RNA-seq: Fig. 1.
10.1093/bioinformatics/btv715	FALSE	FALSE	2015-12-14	destiny: diffusion maps for large-scale single-cell data in R
10.1093/bioinformatics/btw004	FALSE	FALSE	2016-01-06	OEFinder: a user interface to identify and visualize ordering effects in single-cell RNA-seq data
10.1093/bioinformatics/btw176	FALSE	FALSE	2016-04-10	Quality control of single-cell RNA-seq by SinQC
10.1093/bioinformatics/btw201	FALSE	FALSE	2016-04-19	SCell: integrated analysis of single-cell RNA-seq data
10.1093/bioinformatics/btw202	FALSE	FALSE	2016-04-19	Beta-Poisson model for single-cell RNA-seq data analyses
10.1093/bioinformatics/btw227	FALSE	FALSE	2016-04-23	densityCut: an efficient and versatile topological approach for automatic clustering of biological data
10.1093/bioinformatics/btw372	FALSE	FALSE	2016-06-17	Pseudotime estimation: deconfounding single cell time series
10.1093/bioinformatics/btw484	FALSE	FALSE	2016-08-06	scphaser: haplotype inference using single-cell RNA-seq data
10.1093/bioinformatics/btw607	FALSE	FALSE	2016-09-23	Robust classification of single-cell transcriptome data by nonnegative matrix factorization
10.1093/bioinformatics/btw631	FALSE	FALSE	2016-10-02	BASIC: BCR assembly from single cells
10.1093/bioinformatics/btw729	FALSE	FALSE	2016-12-19	LEAP: constructing gene co-expression networks for single-cell RNA-sequencing data using pseudotime ordering
10.1093/bioinformatics/btw732	FALSE	FALSE	2016-12-24	Falco: a quick and flexible single-cell RNA-seq processing framework on the cloud
10.1093/bioinformatics/btw777	FALSE	FALSE	2017-01-14	Scater: pre-processing, quality control, normalization and visualization of single-cell RNA-seq data in R
10.1093/bioinformatics/btw798	FALSE	FALSE	2016-12-23	switchde: inference of switch-like differential expression along single-cell trajectories
10.1093/bioinformatics/btx173	FALSE	FALSE	2017-04-04	TASIC: determining branching models from time series single cell data
10.1093/bioinformatics/btx232	FALSE	FALSE	2017-07-12	HopLand: single-cell pseudotime recovery using continuous Hopfield network-based modeling of Waddington’s epigenetic landscape
10.1093/bioinformatics/btx297	FALSE	FALSE	2017-05-04	SinCHet: a MATLAB toolbox for single cell heterogeneity analysis in cancer
10.1093/bioinformatics/btx337	FALSE	FALSE	2017-05-24	ASAP: a web-based platform for the analysis and interactive visualization of single-cell RNA-seq data
10.1093/bioinformatics/btx435	FALSE	FALSE	2017-07-11	powsimR: power analysis for bulk and single cell RNA-seq experiments
10.1093/bioinformatics/btx490	FALSE	FALSE	2017-08-02	DIMM-SC: a Dirichlet mixture model for clustering droplet-based single cell transcriptomic data
10.1093/bioinformatics/btx575	FALSE	FALSE	2017-09-14	SINCERITIES: inferring gene regulatory networks from time-stamped single cell transcriptional expression profiles
10.1093/bioinformatics/btx605	FALSE	FALSE	2017-09-25	A Bayesian framework for the inference of gene regulatory networks from time and pseudo-time series data
10.1093/bioinformatics/bty050	FALSE	FALSE	2018-02-08	Spectral clustering based on learning similarity matrix
10.1093/bioinformatics/bty058	FALSE	FALSE	2018-02-05	scEpath: energy landscape-based inference of transition probabilities and cellular trajectories from single-cell transcriptomic data
10.1093/bioinformatics/bty100	FALSE	FALSE	2018-02-27	Isoform-level gene expression patterns in single-cell RNA-sequencing data
10.1093/bioinformatics/bty1009	FALSE	FALSE	2018-12-07	DensityPath: an algorithm to visualize and reconstruct cell state-transition path on density landscape for single-cell RNA sequencing data
10.1093/bioinformatics/bty1016	FALSE	FALSE	2018-12-10	Optimal Gene Filtering for Single-Cell data (OGFSC)—a gene filtering algorithm for single-cell RNA-seq data
10.1093/bioinformatics/bty1044	FALSE	FALSE	2018-12-24	M3Drop: dropout-based feature selection for scRNASeq
10.1093/bioinformatics/bty1056	FALSE	FALSE	2018-12-28	Single-cell RNA-seq interpretations using evolutionary multiobjective ensemble pruning
10.1093/bioinformatics/bty176	FALSE	FALSE	2018-03-22	iterClust: a statistical framework for iterative clustering analysis
10.1093/bioinformatics/bty203	FALSE	FALSE	2018-04-05	B-cell receptor reconstruction from single-cell RNA-seq with VDJPuzzle
10.1093/bioinformatics/bty260	FALSE	FALSE	2018-06-27	Random forest based similarity learning for single cell RNA sequencing data
10.1093/bioinformatics/bty283	FALSE	FALSE	2018-04-16	TRUmiCount: correctly counting absolute numbers of molecules using unique molecular identifiers
10.1093/bioinformatics/bty293	FALSE	FALSE	2018-06-27	Scalable preprocessing for sparse scRNA-seq data exploiting prior knowledge
10.1093/bioinformatics/bty316	FALSE	FALSE	2018-04-20	CONICS integrates scRNA-seq with DNA sequencing to map gene expression to tumor sub-clones
10.1093/bioinformatics/bty329	FALSE	FALSE	2018-04-24	Two-phase differential expression analysis for single cell RNA-seq
10.1093/bioinformatics/bty332	FALSE	FALSE	2018-04-24	DEsingle for detecting three types of differential expression in single-cell RNA-seq data
10.1093/bioinformatics/bty498	FALSE	FALSE	2018-06-23	A descriptive marker gene approach to single-cell pseudotime inference
10.1093/bioinformatics/bty517	FALSE	FALSE	2018-07-04	iS-CellR: a user-friendly tool for analyzing and visualizing single-cell RNA sequencing data
10.1093/bioinformatics/bty702	FALSE	FALSE	2018-08-28	Parallel clustering of single cell transcriptomic data with split-merge sampling on Dirichlet process mixtures
10.1093/bioinformatics/bty793	FALSE	FALSE	2018-09-08	SAFE-clustering: Single-cell Aggregated (from Ensemble) clustering for single-cell RNA-seq data
10.1093/bioinformatics/bty950	FALSE	FALSE	2018-11-16	pyNVR: investigating factors affecting feature selection from scRNA-seq data for lineage reconstruction
10.1093/bioinformatics/btz024	FALSE	FALSE	2019-01-14	ClusterMap: compare multiple single cell RNA-Seq datasets across different experimental conditions
10.1093/bioinformatics/btz078	FALSE	FALSE	2019-02-01	PROSSTT: probabilistic simulation of single-cell RNA-seq data for complex differentiation processes
10.1093/bioinformatics/btz139	FALSE	FALSE	2019-03-01	SinNLRR: a robust subspace clustering method for cell type detection by non-negative and low-rank representation
10.1093/bioinformatics/btz240	FALSE	FALSE	2019-04-05	scRNAss: a single-cell RNA-seq assembler via imputing dropouts and combing junctions
10.1093/bioinformatics/btz288	FALSE	FALSE	2019-04-26	Cell-level somatic mutation detection from single-cell RNA sequencing
10.1093/bioinformatics/btz292	FALSE	FALSE	2019-04-26	scMatch: a single-cell gene expression profile annotation tool using reference datasets
10.1093/bioinformatics/btz296	FALSE	FALSE	2019-04-30	Continuous-state HMMs for modeling time-series single-cell RNA-Seq data
10.1093/bioinformatics/btz351	FALSE	FALSE	2019-07	Minnow: a principled framework for rapid simulation of dscRNA-seq data at the read level
10.1093/bioinformatics/btz435	FALSE	FALSE	2019-05-24	EnImpute: imputing dropout events in single-cell RNA-sequencing data via ensemble learning
10.1093/bioinformatics/btz453	FALSE	FALSE	2019-06-14	DECENT: differential expression with capture efficiency adjustmeNT for single-cell RNA-seq data
10.1093/bioinformatics/btz592	FALSE	FALSE	2019-07-29	ACTINN: automated identification of cell types in single cell RNA sequencing
10.1093/bioinformatics/btz601	FALSE	FALSE	2019-08-02	scRNABatchQC: multi-samples quality control for single cell RNA-seq data
10.1093/bioinformatics/btz625	FALSE	FALSE	2019-08-10	BBKNN: fast batch alignment of single cell transcriptomes
10.1093/bioinformatics/btz627	FALSE	FALSE	2019-08-08	scHinter: imputing dropout events for single-cell RNA-seq data with limited sample size
10.1093/bioinformatics/btz692	FALSE	FALSE	2019-09-10	QUBIC2: a novel and robust biclustering algorithm for analyses and interpretation of large-scale RNA-Seq data
10.1093/bioinformatics/btz698	FALSE	FALSE	2019-09-10	scds: Computational Annotation of Doublets in Single-Cell RNA Sequencing Data
10.1093/bioinformatics/btz701	FALSE	FALSE	2019-09-06	scDAPA: detection and visualization of dynamic alternative polyadenylation from single cell RNA-seq data
10.1093/bioinformatics/btz752	FALSE	FALSE	2019-10-09	SPARSim Single Cell: a count data simulator for scRNA-seq data
10.1093/bioinformatics/btz789	FALSE	FALSE	2019-10-17	DPre: Computational identification of differentiation bias and genes underlying cell type conversions
10.1093/bioinformatics/btz801	FALSE	FALSE	2019-10-24	SINC: a scale-invariant deep-neural-network classifier for bulk and single-cell RNA-seq data
10.1093/bioinformatics/btz823	FALSE	FALSE	2019-11-06	Improved dropClust R package with integrative analysis support for scRNA-seq data
10.1093/bioinformatics/btz827	FALSE	FALSE	2019-11-07	SigHotSpotter: scRNA-seq-based computational tool to control cell subpopulation phenotypes for cellular rejuvenation strategies
10.1093/bioinformatics/btz889	FALSE	FALSE	2019-11-28	CellBench: R/Bioconductor software for comparing single-cell RNA-seq analysis methods
10.1093/bioinformatics/btz907	FALSE	FALSE	2019-12-03	schex avoids overplotting for large single cell RNA-sequencing datasets
10.1093/bioinformatics/btz936	FALSE	FALSE	2019-12-17	scTIM: Seeking Cell-Type-Indicative Marker from single cell RNA-seq data by consensus optimization
10.1093/gigascience/giy059	FALSE	FALSE	2018-05-26	zUMIs - A fast and flexible pipeline to process RNA sequencing data with UMIs
10.1093/gigascience/giz087	FALSE	FALSE	2019-08-01	ascend: R package for analysis of single-cell RNA-seq data
10.1093/gigascience/giz105	FALSE	FALSE	2019-09-01	rCASC: reproducible classification analysis of single-cell sequencing data
10.1093/gigascience/giz106	FALSE	FALSE	2019-09-01	Evaluating stably expressed genes in single cells
10.1093/gigascience/giz121	FALSE	FALSE	2019-10-01	IKAP—Identifying K mAjor cell Population groups in single-cell RNA-sequencing analysis
10.1093/nar/gkaa412	FALSE	FALSE	2020-05-25	ASAP 2020 update: an open, scalable and interactive web-based portal for (single-cell) omics analyses
10.1093/nar/gkv1525	FALSE	FALSE	2016-01-05	Robust detection of alternative splicing in a population of single cells
10.1093/nar/gkw1278	FALSE	FALSE	2016-12-19	SLICE: determining cell differentiation and lineage based on single cell entropy
10.1093/nar/gkw430	FALSE	FALSE	2016-05-13	TSCAN: Pseudo-time reconstruction and evaluation in single-cell RNA-seq analysis
10.1093/nar/gkx1113	FALSE	FALSE	2017-11-13	A sparse differential clustering algorithm for tracing cell type changes via single-cell RNA-sequencing data
10.1093/nar/gkx615	FALSE	FALSE	2017-07-17	Targeted reconstruction of T cell receptor sequence from single cell RNA-seq links CDR3 length to T cell differentiation state
10.1093/nar/gkx750	FALSE	FALSE	2017-08-28	Network embedding-based representation learning for single cell RNA-seq data
10.1093/nar/gkx754	FALSE	FALSE	2017-09-25	Accounting for technical noise in differential expression analysis of single-cell RNA sequencing data
10.1093/nar/gky308	FALSE	FALSE	2018-04-30	BCseq: accurate single cell RNA-seq quantification with bias correction
10.1093/nar/gky698	FALSE	FALSE	2018-08-08	CellBIC: bimodality-based top-down clustering of single-cell RNA sequencing data reveals hierarchical structure of the cell type
10.1093/nar/gkz114	FALSE	FALSE	2019-02-20	The R package Rsubread is easier, faster, cheaper and better for alignment and quantification of RNA sequencing reads
10.1093/nar/gkz147	FALSE	FALSE	2019-03-01	A general computational approach to predicting synergistic transcriptional cores that determine cell subpopulation identities
10.1093/nar/gkz172	FALSE	FALSE	2019-03-13	Cell-specific network constructed by single-cell RNA sequencing data
10.1093/nar/gkz601	FALSE	FALSE	2019-07-11	Single-Cell Signature Explorer for comprehensive visualization of single cell signatures across scRNA-seq datasets
10.1093/nar/gkz622	FALSE	FALSE	2019-08-02	Nonparametric expression analysis using inferential replicate counts
10.1093/nar/gkz655	FALSE	FALSE	2019-08-02	LTMG: a novel statistical modeling of transcriptional expression states in single-cell RNA-Seq data
10.1093/nar/gkz716	FALSE	FALSE	2019-08-20	Global prediction of chromatin accessibility using small-cell-number and single-cell RNA-seq
10.1093/nar/gkz781	FALSE	FALSE	2019-09-10	Cell-type-specific analysis of alternative polyadenylation using single-cell transcriptomics data
10.1093/nar/gkz826	FALSE	FALSE	2019-09-30	Latent cellular analysis robustly reveals subtle diversity in large-scale single-cell RNA-seq data
10.1093/nargab/lqaa025	FALSE	FALSE	2020-04-20	Single-Cell Virtual Cytometer allows user-friendly and versatile analysis and visualization of multimodal single cell RNAseq datasets
10.1093/nargab/lqaa039	FALSE	FALSE	2020-05-25	Deep soft K-means clustering with self-training for single-cell RNA sequence data
10.1101/014472	FALSE	TRUE	2015-01-27	Sincell: Bioconductor package for the statistical assessment of cell-state hierarchies from single-cell RNA-seq data
10.1101/021592	FALSE	TRUE	NA	Salmon provides accurate, fast, and bias-aware transcript expression estimates using dual-phase inference
10.1101/027219	FALSE	TRUE	2015-09-18	Laplacian eigenmaps and principal curves for high resolution pseudotemporal ordering of single-cell RNA-seq profiles
10.1101/035501	FALSE	TRUE	2015-12-29	scDD: A statistical approach for identifying differential distributions in single-cell RNA-seq experiments
10.1101/036533	FALSE	TRUE	2016-01-12	Robust Lineage Reconstruction from High-Dimensional Single-Cell Data
10.1101/036558	FALSE	TRUE	2016-01-13	SC3 - consensus clustering of single-cell RNA-Seq data
10.1101/036988	FALSE	TRUE	2016-01-16	Isoform-level gene expression patterns in single-cell RNA-sequencing data
10.1101/045070	FALSE	TRUE	2016-03-22	Controlling for confounding effects in single cell RNA sequencing studies using both control and target genes
10.1101/046110	FALSE	TRUE	2016-03-29	SCPattern: A statistical approach to identify and classify expression changes in single cell RNA-seq experiments with ordered conditions
10.1101/047365	FALSE	TRUE	2016-04-05	Order under uncertainty: robust differential expression analysis using probabilistic models for pseudotime inference
10.1101/051755	FALSE	TRUE	2016-05-09	UMI-tools: Modelling sequencing errors in Unique Molecular Identifiers to improve quantification accuracy
10.1101/052225	FALSE	TRUE	2016-05-09	Visualization and analysis of single-cell RNA-seq data by kernel-based similarity learning
10.1101/053348	FALSE	TRUE	2016-05-13	PIVOT: Platform for Interactive Analysis and Visualization of Transcriptomics Data
10.1101/057778	FALSE	TRUE	2016-06-08	Topslam: Waddington Landscape Recovery for Single Cell Experiments
10.1101/060442	FALSE	TRUE	2016-06-23	A descriptive marker gene approach to single-cell pseudotime inference
10.1101/064006	FALSE	TRUE	NA	Falco: A quick and flexible single-cell RNA-seq processing framework on the cloud
10.1101/065094	FALSE	TRUE	2016-07-21	Dropout-based feature selection for scRNASeq
10.1101/068775	FALSE	TRUE	2016-08-10	CIDR: Ultrafast and accurate clustering through imputation for single-cell RNA-Seq data
10.1101/069633	FALSE	TRUE	2016-08-15	scater: pre-processing, quality control, normalisation and visualisation of single-cell RNA-seq data in R
10.1101/070151	FALSE	TRUE	2016-08-18	Tracing co-regulatory network dynamics in noisy, single-cell transcriptome trajectories
10.1101/073692	FALSE	TRUE	2016-09-08	Power Analysis of Single Cell RNA-Sequencing Experiments
10.1101/074971	FALSE	TRUE	2016-09-13	Temporal mixture modelling of single-cell RNA-seq data resolves a CD4+ T cell fate bifurcation
10.1101/079509	FALSE	TRUE	2016-10-06	SCORPIUS improves trajectory inference and identifies novel modules in dendritic cell development
10.1101/084202	FALSE	TRUE	2016-10-30	Single-cell entropy for accurate estimation of differentiation potency from a cell’s transcriptome
10.1101/088856	FALSE	TRUE	2016-11-21	SCODE: An efficient regulatory network inference algorithm from single-cell RNA-Seq during differentiation
10.1101/090167	FALSE	TRUE	2016-11-28	SCnorm: A quantile-regression based approach for robust normalization of single-cell RNA-seq data
10.1101/090332	FALSE	TRUE	2016-11-29	SPRING: a kinetic interface for visualizing high dimensional single-cell expression data
10.1101/094532	FALSE	TRUE	2016-12-15	Model-based branching point detection in single-cell data by K-Branches clustering
10.1101/095810	FALSE	TRUE	2016-12-21	Using Single Nucleotide Variations in Single-Cell RNA-Seq to Identify Subpopulations and Genotype-phenotype Linkage
10.1101/096222	FALSE	TRUE	NA	ASAP: A web-based platform for the analysis and interactive visualization of single-cell RNA-seq data
10.1101/098517	FALSE	TRUE	2017-01-05	Transcriptome-wide splicing quantification in single cells
10.1101/099473	FALSE	TRUE	2017-01-10	Cell fixation and preservation for droplet-based single-cell transcriptomics
10.1101/109629	FALSE	TRUE	2017-02-17	Modeling allele-specific gene expression by single-cell RNA sequencing
10.1101/110668	FALSE	TRUE	2017-02-21	Reversed graph embedding resolves complex single-cell developmental trajectories
10.1101/110759	FALSE	TRUE	2017-02-22	Granatum: a graphical single-cell RNA-Seq analysis pipeline for genomics scientists
10.1101/111591	FALSE	TRUE	2017-02-25	MAGIC: A diffusion-based imputation method reveals gene-gene interactions in single-cell RNA-sequencing data
10.1101/116939	FALSE	TRUE	2017-03-15	Accounting for technical noise in single-cell RNA sequencing analysis
10.1101/117150	FALSE	TRUE	2017-03-15	powsimR: Power analysis for bulk and single cell RNA-seq experiments
10.1101/118778	FALSE	TRUE	2017-03-20	Multiplexing droplet-based single cell RNA-sequencing using natural genetic barcodes
10.1101/118919	FALSE	TRUE	2017-03-21	BEARscc determines robustness of single-cell clusters using simulated technical replicates
10.1101/120378	FALSE	TRUE	2017-03-24	Visualizing Structure and Transitions for Biological Data Exploration
10.1101/123810	FALSE	TRUE	2017-04-04	CellView: Interactive exploration of high dimensional single cell RNA-seq data
10.1101/125112	FALSE	TRUE	2017-04-06	ZINB-WaVE: A general and flexible method for signal extraction from single-cell RNA-seq data
10.1101/128843	FALSE	TRUE	2017-04-19	Slingshot: Cell lineage and pseudotime inference for single-cell transcriptomics
10.1101/132811	FALSE	TRUE	2017-05-01	FORKS: Finding Orderings Robustly using k-means and Steiner trees
10.1101/133173	FALSE	TRUE	2017-05-02	Splatter: simulation of single-cell RNA sequencing data
10.1101/136242	FALSE	TRUE	2017-05-09	Barcode identification for single cell genomics
10.1101/138677	FALSE	TRUE	2017-05-16	SAVER: Gene expression recovery for UMI-based single cell RNA sequencing
10.1101/141598	FALSE	TRUE	2017-05-24	scImpute: Accurate And Robust Imputation For Single Cell RNA-Seq Data
10.1101/142398	FALSE	TRUE	NA	Scalable preprocessing for sparse scRNA-seq data exploiting prior knowledge
10.1101/144501	FALSE	TRUE	2017-05-31	SCENIC: Single-cell regulatory network inference and clustering
10.1101/150292	FALSE	TRUE	2017-06-15	scmap - A tool for unsupervised projection of single cell RNA-seq data
10.1101/150524	FALSE	TRUE	2017-06-16	Addressing the looming identity crisis in single cell RNA-seq
10.1101/151217	FALSE	TRUE	2017-06-18	A statistical framework for the robust detection of hidden variation in single cell transcriptomes
10.1101/153940	FALSE	TRUE	2017-06-22	zUMIs - A fast and flexible pipeline to process RNA sequencing data with UMIs
10.1101/157982	FALSE	TRUE	2017-06-30	zingeR: unlocking RNA-seq tools for zero-inflation and single cell applications
10.1101/159913	FALSE	TRUE	2017-07-06	Uncovering genomic trajectories with heterogeneous genetic and environmental backgrounds across single-cells and populations
10.1101/164889	FALSE	TRUE	2017-07-18	Integrated analysis of single cell transcriptomic data across conditions, technologies, and species
10.1101/165118	FALSE	TRUE	2017-07-18	Correcting batch effects in single-cell RNA sequencing data by matching mutual nearest neighbours
10.1101/166736	FALSE	TRUE	2017-07-21	Varying-Censoring Aware Matrix Factorization for Single Cell RNA-Sequencing
10.1101/166868	FALSE	TRUE	2017-07-21	BGP: Branched Gaussian processes for identifying gene-specific branching dynamics in single cell data
10.1101/168922	FALSE	TRUE	2017-07-26	Cell Lineage and Communication Network Inference via Optimization for Single-cell Transcriptomics
10.1101/170118	FALSE	TRUE	2017-07-30	Fundamental limits on dynamic inference from single cell snapshots
10.1101/170308	FALSE	TRUE	NA	dropClust: Efficient clustering of ultra-large scRNA-seq data
10.1101/171496	FALSE	TRUE	2017-08-02	Accurate estimation of molecular counts in droplet-based single-cell RNA-seq experiments
10.1101/173997	FALSE	TRUE	2017-08-09	DEsingle for detecting three types of differential expression in single-cell RNA-seq data
10.1101/174029	FALSE	TRUE	2017-08-09	Scanpy for analysis of large-scale single-cell gene expression data
10.1101/175927	FALSE	TRUE	2017-08-14	scPipe: a flexible R/Bioconductor preprocessing pipeline for single-cell RNA-sequencing data
10.1101/181156	FALSE	TRUE	2017-08-26	B-cell receptor reconstruction from single-cell RNA-seq with VDJPuzzle
10.1101/181479	FALSE	TRUE	2017-08-28	DrImpute: Imputing dropout events in single cell RNA sequencing data
10.1101/183863	FALSE	TRUE	2017-09-04	Dhaka: Variational Autoencoder for Unmasking Tumor Heterogeneity from Single Cell Genomic Data
10.1101/185504	FALSE	TRUE	2017-09-07	BraCeR: Reconstruction of B-cell receptor sequences and clonality inference from single-cell RNA-sequencing
10.1101/191056	FALSE	TRUE	2017-09-27	Reconstruction of developmental landscapes by optimal-transport analysis of single-cell gene expression sheds light on cellular reprogramming
10.1101/191254	FALSE	TRUE	2017-09-21	An Interpretable Framework for Clustering Single-Cell RNA-Seq Datasets
10.1101/197244	FALSE	TRUE	2017-10-03	bigSCale: An Analytical Framework for Big-Scale Single-Cell Data
10.1101/199315	FALSE	TRUE	2017-10-06	VASC: dimension reduction and visualization of single cell RNA sequencing data by deep variational autoencoder
10.1101/200345	FALSE	TRUE	2017-10-09	Assessment of batch-correction methods for scRNA-seq data with a new test metric
10.1101/2019.12.11.872895	FALSE	TRUE	NA	SingleCellSignalR: Inference of intercellular networks from single-cell transcriptomics
10.1101/2019.12.20.884163	FALSE	TRUE	NA	Gene network reconstruction using single cell transcriptomic data reveals key factors for embryonic stem cell differentiation
10.1101/2019.12.20.884916	FALSE	TRUE	NA	Cell type prioritization in single-cell data
10.1101/2019.12.22.886481	FALSE	TRUE	NA	SCSA: a cell type annotation tool for single-cell RNA-seq data
10.1101/2019.12.28.889956	FALSE	TRUE	NA	Bayesian inference of the gene expression states of single cells from scRNA-seq data
10.1101/2020.01.01.892562	FALSE	TRUE	NA	Overcoming Genetic Drop-outs in Variants-based Lineage Tracing from Single-cell RNA Sequencing Data
10.1101/2020.01.05.895136	FALSE	TRUE	NA	Alignment of single-cell RNA-seq samples without over-correction using kernel density matching
10.1101/2020.01.06.896282	FALSE	TRUE	NA	Resolving brain organoid heterogeneity by mapping single cell genomic data to a spatial reference
10.1101/2020.01.06.896621	FALSE	TRUE	NA	Supervised Adversarial Alignment of Single-Cell RNA-seq Data
10.1101/2020.01.07.897900	FALSE	TRUE	NA	Bayesian Inference of Cell Composition and Gene Expression Reveals Tumor-Microenvironment Interactions
10.1101/2020.01.08.898874	FALSE	TRUE	NA	Red Panda: A novel method for detecting variants in single-cell RNA sequencing
10.1101/2020.01.13.904649	FALSE	TRUE	NA	SIMPLEs: a single-cell RNA sequencing imputation strategy preserving gene modules and cell clusters variation
10.1101/2020.01.13.905323	FALSE	TRUE	NA	Hypercluster: a flexible tool for parallelized unsupervised clustering optimization
10.1101/2020.01.18.911461	FALSE	TRUE	NA	BREM-SC: A Bayesian Random Effects Mixture Model for Joint Clustering Single Cell Multi-omics Data
10.1101/2020.01.20.912675	FALSE	TRUE	NA	ILoReg enables high-resolution cell population identification from single-cell RNA-seq data
10.1101/2020.01.20.913384	FALSE	TRUE	NA	Single-cell RNA-seq Imputation using Generative Adversarial Networks
10.1101/2020.01.22.915629	FALSE	TRUE	NA	BATMAN: fast and accurate integration of single-cell RNA-Seq datasets via minimum-weight matching
10.1101/2020.01.25.919829	FALSE	TRUE	NA	CCSN: Single Cell RNA Sequencing Data Analysis by Conditional Cell-specific Network
10.1101/2020.01.31.927921	FALSE	TRUE	NA	Non-negative Independent Factor Analysis for single cell RNA-seq
10.1101/2020.02.01.930602	FALSE	TRUE	NA	talklr uncovers ligand-receptor mediated intercellular crosstalk
10.1101/2020.02.02.930578	FALSE	TRUE	NA	pipeComp, a general framework for the evaluation of computational pipelines, reveals performant single-cell RNA-seq preprocessing tools
10.1101/2020.02.02.931139	FALSE	TRUE	NA	Iterative transfer learning with neural network for clustering and cell type classification in single-cell RNA-seq analysis
10.1101/2020.02.02.931394	FALSE	TRUE	NA	Unsupervised Topological Alignment for Single-Cell Multi-Omics Integration
10.1101/2020.02.04.934455	FALSE	TRUE	NA	Joint Inference of Clonal Structure using Single-cell DNA-Seq and RNA-Seq data
10.1101/2020.02.05.935296	FALSE	TRUE	NA	Imputing Single-cell RNA-seq data by combining Graph Convolution and Autoencoder Neural Networks
10.1101/2020.02.06.936971	FALSE	TRUE	NA	dyngen: a multi-modal simulator for spearheading new single-cell omics analyses
10.1101/2020.02.06.937805	FALSE	TRUE	NA	Identifying Informative Gene Modules Across Modalities of Single Cell Genomics
10.1101/2020.02.12.931469	FALSE	TRUE	NA	scTenifoldNet: a machine learning workflow for constructing and comparing transcriptome-wide gene regulatory networks from single-cell data
10.1101/2020.02.13.948521	FALSE	TRUE	NA	Reconstruction of cell spatial organization based on ligand-receptor mediated self-assembly
10.1101/2020.02.17.947390	FALSE	TRUE	NA	Capybara: A computational tool to measure cell identity and fate transitions
10.1101/2020.02.25.960302	FALSE	TRUE	NA	Discovering Novel Cell Types across Heterogeneous Single-cell Experiments
10.1101/2020.02.27.968560	FALSE	TRUE	NA	Cluster similarity spectrum integration of single-cell genomics data
10.1101/2020.02.28.970202	FALSE	TRUE	NA	Optimal tuning of weighted kNN- and diffusion-based methods for denoising single cell genomics data
10.1101/2020.03.03.974220	FALSE	TRUE	NA	Improving replicability in single-cell RNA-Seq cell type discovery with Dune
10.1101/2020.03.05.977686	FALSE	TRUE	NA	redPATH: Reconstructing the Pseudo Development Time of Cell Lineages in Single-Cell RNA-Seq Data and Applications in Cancer
10.1101/2020.03.06.977728	FALSE	TRUE	NA	A bivariate zero-inflated negative binomial model for identifying underlying dependence with application to single cell RNA sequencing data
10.1101/2020.03.23.002758	FALSE	TRUE	NA	Knowledge-based classification of fine-grained immune cell types in single-cell RNA-Seq data with ImmClassifier
10.1101/2020.03.27.010124	FALSE	TRUE	NA	Hierarchical progressive learning of cell identities in single-cell data
10.1101/2020.03.28.013938	FALSE	TRUE	NA	Coupled Co-clustering-based Unsupervised Transfer Learning for the Integrative Analysis of Single-Cell Genomic Data
10.1101/2020.03.29.014464	FALSE	TRUE	NA	CytoTalk: De novo construction of signal transduction networks using single-cell RNA-Seq data
10.1101/2020.03.30.015925	FALSE	TRUE	NA	SCHNEL: Scalable clustering of high dimensional single-cell data
10.1101/2020.03.31.018911	FALSE	TRUE	NA	Demystifying “drop-outs” in single cell UMI data
10.1101/2020.03.31.019109	FALSE	TRUE	NA	iCellR: Combined Coverage Correction and Principal Component Alignment for Batch Alignment in Single-Cell Sequencing Analysis
10.1101/2020.04.01.019851	FALSE	TRUE	NA	Design and power analysis for multi-sample single cell genomics experiments
10.1101/2020.04.01.020586	FALSE	TRUE	NA	G2S3: a gene graph-based imputation method for single-cell RNA sequencing data
10.1101/2020.04.03.023002	FALSE	TRUE	NA	SimiC: A Single Cell Gene Regulatory Network Inference method with Similarity Constraints
10.1101/2020.04.07.029546	FALSE	TRUE	NA	Jointly Defining Cell Types from Multiple Single-Cell Datasets Using LIGER
10.1101/2020.04.10.035865	FALSE	TRUE	NA	Scirpy: A Scanpy extension for analyzing single-cell T-cell receptor sequencing data
10.1101/2020.04.10.035899	FALSE	TRUE	NA	A Bayesian framework for inter-cellular information sharing improves dscRNA-seq quantification
10.1101/2020.04.12.022806	FALSE	TRUE	NA	An analytical framework for interpretable and generalizable 'quasilinear' single-cell data analysis
10.1101/2020.04.12.038281	FALSE	TRUE	NA	Single-cell copy number lineage tracing enabling gene discovery
10.1101/2020.04.14.041905	FALSE	TRUE	NA	Specific splice junction detection in single cells with SICILIAN
10.1101/2020.04.15.043737	FALSE	TRUE	NA	UNCURL-App: Interactive Database-Driven Analysis of Single Cell RNA Sequencing Data
10.1101/2020.04.22.056473	FALSE	TRUE	NA	scConsensus: combining supervised and unsupervised clustering for cell type identification in single-cell RNA sequencing data
10.1101/2020.04.23.058149	FALSE	TRUE	NA	GRNUlar: Gene Regulatory Network reconstruction using Unrolled algorithm from Single Cell RNA-Sequencing data
10.1101/2020.05.01.073445	FALSE	TRUE	NA	FR-Match: A non-parametric multivariate statistical test for matching gene expression clusters from single cell RNA sequencing experiments
10.1101/2020.05.05.078550	FALSE	TRUE	NA	Graph Drawing-based Dimensionality Reduction to Identify Hidden Communities in Single-Cell Sequencing Spatial Representation
10.1101/2020.05.08.083337	FALSE	TRUE	NA	Joint probabilistic modeling of paired transcriptome and proteome measurements in single cells
10.1101/2020.05.12.077776	FALSE	TRUE	NA	Density-Preserving Data Visualization Unveils Dynamic Patterns of Single-Cell Transcriptomic Variability
10.1101/2020.05.13.093765	FALSE	TRUE	NA	DCI: Learning Causal Differences between Gene Regulatory Networks
10.1101/2020.05.13.093948	FALSE	TRUE	NA	Iterative point set registration for aligning scRNA-seq data
10.1101/2020.05.13.094953	FALSE	TRUE	NA	Reference-free Cell-type Annotation for Single-cell Transcriptomics using Deep Learning with a Weighted Graph Neural Network
10.1101/2020.05.16.100024	FALSE	TRUE	NA	INSCT: Integrating millions of single cells using batch-aware triplet neural networks
10.1101/2020.05.22.111161	FALSE	TRUE	NA	Benchmarking atlas-level data integration in single-cell genomics
10.1101/2020.05.22.111211	FALSE	TRUE	NA	Flexible comparison of batch correction methods for single-cell RNA-seq using BatchBench
10.1101/2020.05.25.115550	FALSE	TRUE	NA	UPhyloplot2: Visualizing Phylogenetic Trees from Single-Cell RNA-seq Data
10.1101/2020.05.26.116640	FALSE	TRUE	NA	Evaluating single-cell cluster stability using the Jaccard similarity index
10.1101/2020.05.26.117705	FALSE	TRUE	NA	Sparsely-Connected Autoencoder (SCA) for single cell RNAseq data mining
10.1101/2020.05.27.119438	FALSE	TRUE	NA	mbkmeans: fast clustering for single cell data using mini-batch k-means
10.1101/2020.05.29.124743	FALSE	TRUE	NA	CellMeSH: Probabilistic Cell-Type Identification Using Indexed Literature
10.1101/2020.06.04.132324	FALSE	TRUE	NA	scNym: Semi-supervised adversarial neural networks for single cell classification
10.1101/2020.06.07.127274	FALSE	TRUE	NA	SCHNAPPs - Single Cell sHiNy APPlication(s)
10.1101/2020.06.07.138271	FALSE	TRUE	NA	scASK: A novel ensemble framework for classifying cell types based on scRNA-seq data
10.1101/2020.06.08.140673	FALSE	TRUE	NA	Monet: An open-source Python package for analyzing and integrating scRNA-Seq data using PCA-based latent spaces
10.1101/2020.06.11.146845	FALSE	TRUE	NA	SCIM: Universal Single-Cell Matching with Unpaired Feature Sets
10.1101/2020.06.15.151910	FALSE	TRUE	NA	Linear-time cluster ensembles of large-scale single-cell RNA-seq and multimodal data
10.1101/2020.06.15.152306	FALSE	TRUE	NA	STACAS: Sub-Type Anchor Correction for Alignment in Seurat to integrate single-cell RNA-seq data
10.1101/206052	FALSE	TRUE	2017-10-19	RNA velocity in single cells
10.1101/207704	FALSE	TRUE	2017-10-23	ascend: R package for analysis of single cell RNA-seq data
10.1101/208819	FALSE	TRUE	2017-10-25	Graph abstraction reconciles clustering with trajectory inference through a topology preserving map of single cells
10.1101/211417	FALSE	TRUE	2017-10-31	GPseudoRank: a permutation sampler for single cell orderings
10.1101/211938	FALSE	TRUE	2017-10-31	Probabilistic Count Matrix Factorization for Single Cell Expression Data Analysis
10.1101/215723	FALSE	TRUE	2017-11-07	SAFE-clustering: Single-cell Aggregated (From Ensemble) Clustering for Single-cell RNA-seq Data
10.1101/217737	FALSE	TRUE	2017-11-21	K-nearest neighbor smoothing for high-throughput single-cell RNA-Seq data
10.1101/217778	FALSE	TRUE	2017-11-10	TRUmiCount: Correctly counting absolute numbers of molecules using unique molecular identifiers
10.1101/218115	FALSE	TRUE	NA	FateID infers cell fate bias in multipotent progenitors from single-cell RNA-seq data
10.1101/219188	FALSE	TRUE	2017-11-14	Beyond pseudotime: Following T-cell maturation in single-cell RNAseq time series
10.1101/221911	FALSE	TRUE	2017-11-18	Wx: a neural network-based feature selection algorithm for next-generation sequencing data
10.1101/225177	FALSE	TRUE	2017-11-26	DECENT: Differential Expression with Capture Efficiency adjustmeNT for single-cell RNA-seq data
10.1101/227033	FALSE	TRUE	2017-11-30	Gene Expression Distribution Deconvolution in Single Cell RNA Sequencing
10.1101/227843	FALSE	TRUE	2017-12-03	GrandPrix: Scaling up the Bayesian GPLVM for single-cell data
10.1101/229815	FALSE	TRUE	2017-12-06	Evaluating stably expressed genes in single cells
10.1101/234021	FALSE	TRUE	2017-12-13	netSmooth: Network-smoothing based imputation for single cell RNA-seq
10.1101/234872	FALSE	TRUE	2018-04-04	Distinguishing cells from empty droplets in droplet-based single-cell RNA sequencing data
10.1101/235382	FALSE	TRUE	2017-12-16	Performance Assessment and Selection of Normalization Procedures for Single-Cell RNA-seq
10.1101/237065	FALSE	TRUE	NA	Exploring Single-Cell Data with Deep Multitasking Neural Networks
10.1101/237214	FALSE	TRUE	2017-12-21	Robust expression variability testing reveals heterogeneous T cell responses
10.1101/237420	FALSE	TRUE	2017-12-21	A single-cell catalogue of regulatory states in the ageing Drosophila brain
10.1101/241646	FALSE	TRUE	2018-01-01	DECODE-ing sparsity patterns in single-cell RNA-seq
10.1101/246439	FALSE	TRUE	2018-01-10	A cluster-aware, weighted ensemble clustering method for cell-type detection
10.1101/248633	FALSE	TRUE	NA	Statistical significance of cluster membership for determination of cell identities in single cell genomics
10.1101/250126	FALSE	TRUE	2018-01-18	Observation weights to unlock bulk RNA-seq tools for zero inflation and single-cell applications
10.1101/250811	FALSE	TRUE	2018-01-19	Sharq, A versatile preprocessing and QC pipeline for Single Cell RNA-seq
10.1101/255711	FALSE	TRUE	2018-01-29	ClusterMine: a Knowledge-integrated Clustering Approach based on Expression Profiles of Gene Sets
10.1101/256644	FALSE	TRUE	2018-01-30	Integration of single-cell RNA-seq data into metabolic models to characterize tumour cell populations
10.1101/256941	FALSE	TRUE	2018-01-31	PROSSTT: probabilistic simulation of single-cell RNA-seq data for complex differentiation processes
10.1101/257550	FALSE	TRUE	NA	CALISTA: Clustering and Lineage Inference in Single-Cell Transcriptional Analysis
10.1101/258566	FALSE	TRUE	2018-02-01	Identification of transcriptional signatures for cell types from single-cell RNA-Seq
10.1101/258699	FALSE	TRUE	2018-02-01	Random forest based similarity learning for single cell RNA sequencing data
10.1101/261768	FALSE	TRUE	2018-02-08	Reconstructing complex lineage trees from scRNA-seq data using MERLoT
10.1101/271163	FALSE	TRUE	2018-02-25	Parallelized Inference for Single Cell Transcriptomic Clustering with Split Merge Sampling on DPMM Model
10.1101/272443	FALSE	TRUE	2018-02-27	Learning common and specific patterns from data of multiple interrelated biological scenarios with matrix factorization
10.1101/276261	FALSE	TRUE	2018-03-05	Visualizing and interpreting single-cell gene expression datasets with Similarity Weighted Nonnegative Embedding
10.1101/276311	FALSE	TRUE	2018-03-05	DensityPath: a level-set algorithm to visualize and reconstruct cell developmental trajectories for large-scale single-cell RNAseq data
10.1101/276907	FALSE	TRUE	2018-03-05	A comparison of single-cell trajectory inference methods: towards more accurate and robust tools
10.1101/280545	FALSE	TRUE	NA	clusterExperiment and RSEC: A Bioconductor package and framework for clustering of single-cell and other large gene expression datasets
10.1101/284604	FALSE	TRUE	2018-03-19	Reference-based annotation of single cell transcriptomes identifies a profibrotic macrophage niche after tissue injury
10.1101/292037	FALSE	TRUE	NA	Bayesian Inference for a Generative Model of Transcriptome Profiles from Single-cell RNA Sequencing
10.1101/300681	FALSE	TRUE	2018-04-13	Single cell RNA-seq denoising using a deep count autoencoder
10.1101/302554	FALSE	TRUE	2018-04-18	STREAM: Single-cell Trajectories Reconstruction, Exploration And Mapping of omics data
10.1101/303727	FALSE	TRUE	2018-04-20	SoupX removes ambient RNA contamination from droplet based single cell RNA sequencing data
10.1101/314831	FALSE	TRUE	2018-05-07	matchSCore: Matching Single-Cell Phenotypes Across Tools and Experiments
10.1101/318295	FALSE	TRUE	2018-05-16	scVAE: Variational auto-encoders for single-cell gene expression data
10.1101/328807	FALSE	TRUE	2018-05-23	CancerInSilico: An R/Bioconductor package for combining mathematical and statistical modeling to simulate time course bulk and single cell gene expression data in cancer
10.1101/329755	FALSE	TRUE	2018-05-24	Interactive single cell RNA-Seq analysis with the Single Cell Toolkit (SCTK)
10.1101/331330	FALSE	TRUE	2018-05-30	ClusterMap: Comparing analyses across multiple Single Cell RNA-Seq profiles
10.1101/333393	FALSE	TRUE	2018-05-30	Quantitative assessment of cell population diversity in single-cell landscapes
10.1101/335000	FALSE	TRUE	NA	Alevin efficiently estimates accurate gene abundances from dscRNA-seq data
10.1101/335547	FALSE	TRUE	NA	CellTag Indexing: genetic barcode-based sample multiplexing for single-cell genomics
10.1101/335695	FALSE	TRUE	2018-05-31	SCHiRM: Single Cell Hierarchical Regression Model to detect dependencies in read count data
10.1101/344242	FALSE	TRUE	2018-06-11	SSCC: a novel computational framework for rapid and accurate clustering large single cell RNA-seq data
10.1101/344309	FALSE	TRUE	2018-06-11	clonealign: statistical integration of independent single-cell RNA & DNA-seq from human cancers
10.1101/352484	FALSE	TRUE	2018-06-20	DoubletFinder: Doublet detection in single-cell RNA sequencing data using artificial nearest neighbors
10.1101/353607	FALSE	TRUE	2018-06-22	DeepImpute: an accurate, fast and scalable deep neural network method to impute single-cell RNA-Seq data
10.1101/354944	FALSE	TRUE	2018-06-26	Bulk Tissue Cell Type Deconvolution with Multi-Subject Single-Cell Expression Reference
10.1101/356634	FALSE	TRUE	2018-06-27	SCMarker: ab initio marker selection for single cell transcriptome profiling
10.1101/357368	FALSE	TRUE	2018-07-09	Scrublet: computational identification of cell doublets in single-cell transcriptomic data
10.1101/361980	FALSE	TRUE	2018-07-05	McImpute: Matrix completion based imputation for single cell RNA-seq data
10.1101/364810	FALSE	TRUE	NA	DoubletDecon: Cell-State Aware Removal of Single-Cell RNA-Seq Doublets
10.1101/365007	FALSE	TRUE	2018-07-08	Deep learning for inferring gene relationships from single-cell expression data
10.1101/367003	FALSE	TRUE	NA	De novo Gene Signature Identification from Single-Cell RNA-Seq with Hierarchical Poisson Factorization
10.1101/369538	FALSE	TRUE	NA	scPred: Cell type prediction at single-cell resolution
10.1101/371179	FALSE	TRUE	2018-07-17	Panoramic stitching of heterogeneous single-cell transcriptomic data
10.1101/374025	FALSE	TRUE	2018-07-22	ROSeq: A rank based approach to modeling gene expression in single cells
10.1101/374462	FALSE	TRUE	2018-07-25	CellFishing.jl: an ultrafast and scalable cell search method for single-cell RNA-sequencing
10.1101/375196	FALSE	TRUE	2018-07-23	Scedar: a scalable Python package for single-cell RNA-seq exploratory data analysis
10.1101/378646	FALSE	TRUE	2018-07-28	SymSim: simulating multi-faceted variability in single cell RNA sequencing
10.1101/379883	FALSE	TRUE	2018-07-30	PBLR: an accurate single cell RNA-seq data imputation tool considering cell heterogeneity and prior expression level of dropouts
10.1101/383224	FALSE	TRUE	NA	scBASE: A Bayesian mixture model for the analysis of allelic expression in single cells
10.1101/384586	FALSE	TRUE	2018-08-03	bayNorm: Bayesian gene expression recovery, imputation and normalisation for single cell RNA-sequencing data
10.1101/389296	FALSE	TRUE	2018-08-09	One read per cell per gene is optimal for single-cell RNA-Seq
10.1101/389999	FALSE	TRUE	2018-08-10	Reconstructing B cell receptor sequences from short-read single cell RNA-sequencir with BRAPeS
10.1101/390153	FALSE	TRUE	2018-08-13	Realistic in silico generation and augmentation of single cell RNA-seq data using Generative Adversarial Neural Networks
10.1101/392662	FALSE	TRUE	2018-08-16	BAMM-SC: A Bayesian mixture model for clustering droplet-based single cell transcriptomic data from population studies
10.1101/393280	FALSE	TRUE	2018-08-16	scMerge: Integration of multiple single-cell transcriptomics datasets leveraging stable expression and pseudo-replication
10.1101/396135	FALSE	TRUE	2018-08-20	Determination of essential phenotypic elements of clusters in high-dimensional entities - DEPECHE
10.1101/397042	FALSE	TRUE	2018-08-21	Fast Batch Alignment of Single Cell Transcriptomes Unifies Multiple Mouse Cell Atlases into an Integrated Landscape
10.1101/397588	FALSE	TRUE	2018-08-22	Zero-preserving imputation of scRNA-seq data using low-rank approximation
10.1101/401943	FALSE	TRUE	2018-08-30	Cell lineage inference from SNP and scRNA-Seq data
10.1101/403055	FALSE	TRUE	2018-08-29	Functional Interpretation of Single-Cell Similarity Maps
10.1101/412080	FALSE	TRUE	2018-09-08	cellHarmony: Cell-level matching and holistic comparison of single-cell transcriptomes
10.1101/413047	FALSE	TRUE	NA	Cardelino: Integrating whole exomes and single-cell transcriptomes to reveal phenotypic impact of somatic variants
10.1101/426239	FALSE	TRUE	NA	Quasi-universality in single-cell sequencing data
10.1101/426981	FALSE	TRUE	NA	Towards inferring causal gene regulatory networks from single cell expression Measurements
10.1101/430967	FALSE	TRUE	NA	rCASC: reproducible Classification Analysis of Single Cell sequencing data
10.1101/433102	FALSE	TRUE	NA	scRNA-seq mixology: towards better benchmarking of single cell RNA-seq analysis methods
10.1101/434746	FALSE	TRUE	2018-10-17	Mutation detection in thousands of acute myeloid leukemia cells using single cell RNA-sequencing
10.1101/437095	FALSE	TRUE	2018-10-07	A statistical simulator scDesign for rational scRNA-seq experimental design
10.1101/437665	FALSE	TRUE	2018-10-08	MetaCell: analysis of single cell RNA-seq data using k-NN graph partitions
10.1101/456129	FALSE	TRUE	2018-10-30	Moana: A robust and scalable cell type classification framework for single-cell RNA-Seq data
10.1101/456772	FALSE	TRUE	2018-10-30	SIP: An Interchangeable Pipeline for scRNA-seq Data Processing
10.1101/456814	FALSE	TRUE	2018-10-30	scMetric: An R package of metric learning and visualization for single-cell RNA-seq data
10.1101/457622	FALSE	TRUE	NA	Genetic Heterogeneity Profiling by Single Cell RNA Sequencing
10.1101/457879	FALSE	TRUE	NA	Data Denoising with transfer learning in single-cell transcriptomics
10.1101/459404	FALSE	TRUE	2018-11-04	scRMD: Imputation for single cell RNA-seq data via robust matrix decomposition
10.1101/459891	FALSE	TRUE	NA	Integrative inference of brain cell similarities and differences from single-cell genomics
10.1101/460147	FALSE	TRUE	2018-11-02	Comprehensive integration of single cell data
10.1101/460246	FALSE	TRUE	2018-11-02	Wiring together large single-cell RNA-seq sample collections
10.1101/461640	FALSE	TRUE	NA	SHARP: Single-cell RNA-seq Hyper-fast and Accurate Processing via Ensemble Random Projection
10.1101/461954	FALSE	TRUE	2018-11-04	Fast, sensitive, and accurate integration of single cell data with Harmony
10.1101/463265	FALSE	TRUE	2018-11-05	Valid post-clustering differential analysis for single-cell RNA-Seq
10.1101/464479	FALSE	TRUE	2018-11-07	Gene regulation inference from single-cell RNA-seq data with linear differential equations and velocity inference
10.1101/470203	FALSE	TRUE	NA	scID: Identification of equivalent transcriptional cell populations across single cell RNA-seq data using discriminant analysis
10.1101/472571	FALSE	TRUE	2018-11-18	The Barcode, UMI, Set format and BUStools
10.1101/478503	FALSE	TRUE	2018-11-29	Generative modeling and latent space arithmetics predict single-cell perturbation response across cell types, studies and species
10.1101/485979	FALSE	TRUE	NA	Accurate sub-population detection and mapping across single cell experiments with PopCorn
10.1101/496810	FALSE	TRUE	2018-12-14	Scalable probabilistic matrix factorization for single-cell RNA-seq analysis
10.1101/504944	FALSE	TRUE	2018-12-22	scAlign: a tool for alignment, integration and rare cell identification from scRNA-seq data
10.1101/504977	FALSE	TRUE	NA	Imputation of single-cell gene expression with an autoencoder neural network
10.1101/507871	FALSE	TRUE	2019-01-04	iTALK: an R Package to Characterize and Illustrate Intercellular Communication
10.1101/511626	FALSE	TRUE	2019-01-04	A Hybrid Deep Clustering Approach for Robust Cell Type Profiling Using Single-cell RNA-seq Data: Supplementary Figures and Tables
10.1101/512582	FALSE	TRUE	2019-01-06	scSVA: an interactive tool for big data visualization and exploration in single-cell omics
10.1101/519660	FALSE	TRUE	NA	TooManyCells identifies and visualizes relationships of single-cell clades
10.1101/521914	FALSE	TRUE	2019-01-16	Probabilistic cell type assignment of single-cell transcriptomic data reveals spatiotemporal microenvironment dynamics in human cancers: Supplementary tables
10.1101/522037	FALSE	TRUE	NA	scruff: An R/Bioconductor package for preprocessing single-cell RNA-sequencing data
10.1101/522474	FALSE	TRUE	2019-01-24	LAmbDA: Label Ambiguous Domain Adaption Dataset Integration Reduces Batch Effects and Improves Subtype Detection: Supplementary Materials
10.1101/522672	FALSE	TRUE	2019-01-17	Dynamic pseudo-time warping of complex single-cell trajectories
10.1101/523993	FALSE	TRUE	2019-01-18	VPAC: Variational projection for accurate clustering of single-cell transcriptomic data
10.1101/526848	FALSE	TRUE	2019-02-03	Characterizing and inferring quantitative cell cycle phase in single-cell RNA-seq data analysis
10.1101/530378	FALSE	TRUE	2019-01-25	Deep learning enables accurate clustering and batch effect removal in single-cell RNA-seq analysis: Supplementary material
10.1101/532093	FALSE	TRUE	2019-01-28	Automated identification of Cell Types in Single Cell RNA Sequencing: Supplemental File 1
10.1101/532192	FALSE	TRUE	2019-01-28	Block HSIC Lasso: model-free biomarker detection for ultra-high dimensional data
10.1101/532846	FALSE	TRUE	2019-01-28	Quantifying the effect of experimental perturbations in single-cell RNA-sequencing data using graph signal processing
10.1101/532895	FALSE	TRUE	NA	Probabilistic Harmonization and Annotation of Single-cell Transcriptomics Data with Deep Generative Models
10.1101/533372	FALSE	TRUE	2019-01-29	Flexible Experimental Designs for Valid Single-cell RNA-sequencing Experiments Allowing Batch Effects Correction
10.1101/534834	FALSE	TRUE	2019-01-30	Network Inference with Granger Causality Ensembles on Single-Cell Transcriptomic Data
10.1101/536730	FALSE	TRUE	2019-01-31	Geometric Sketching Compactly Summarizes the Single-Cell Transcriptomic Landscape: Supplementary Information
10.1101/537936	FALSE	TRUE	2019-02-01	Millefy: visualizing cell-to-cell heterogeneity in read coverage of single-cell RNA sequencing datasets
10.1101/538652	FALSE	TRUE	2019-02-04	Supervised classification enables rapid annotation of cell atlases
10.1101/539833	FALSE	TRUE	2019-02-04	Polled Digital Cell Sorter (p-DCS): Automatic identification of hematological cell types from single cell RNA-sequencing clusters
10.1101/543199	FALSE	TRUE	2019-02-08	Single-cell profiling of tumor-reactive CD4+ T-cells reveals unexpected transcriptomic diversity
10.1101/543314	FALSE	TRUE	2019-02-07	A novel algorithm for the collective integration of single cell RNA-seq during embryogenesis
10.1101/543447	FALSE	TRUE	2019-02-08	A NMF-based approach to discover overlooked differentially expressed gene regions from single-cell RNA-seq data
10.1101/544163	FALSE	TRUE	2019-02-08	scGEAToolbox: a Matlab toolbox for single-cell RNA sequencing data analysis
10.1101/544346	FALSE	TRUE	2019-02-08	netNMF-sc: Leveraging gene-gene interactions for imputation and dimensionality reduction in single-cell expression analysis
10.1101/553040	FALSE	TRUE	2019-02-22	Leveraging high-powered RNA-Seq datasets to improve inference of regulatory activity in single-cell RNA-Seq data
10.1101/557967	FALSE	TRUE	2019-02-22	singleCellHaystack: Finding surprising genes in single-cell transcriptome data
10.1101/558908	FALSE	TRUE	2019-02-22	CHETAH: a selective, hierarchical cell type identification method for single-cell RNA sequencing
10.1101/559872	FALSE	TRUE	2019-02-25	SCINA: Semi-Supervised Analysis of Single Cells in silico
10.1101/561084	FALSE	TRUE	2019-02-25	Nonparametric expression analysis using inferential replicate counts
10.1101/564021	FALSE	TRUE	2019-02-28	scds: Computational Annotation of Doublets in Single Cell RNA Sequencing Data
10.1101/566182	FALSE	TRUE	2019-03-04	Uncovering hypergraphs of cell-cell interaction from single cell RNA-sequencing data
10.1101/567115	FALSE	TRUE	2019-03-05	GPseudoClust: deconvolution of shared pseudo-profiles at single-cell resolution
10.1101/570614	FALSE	TRUE	2019-03-07	Genotype-free demultiplexing of pooled single-cell RNA-seq
10.1101/576827	FALSE	TRUE	2019-03-14	Normalization and variance stabilization of single-cell RNA-seq data using regularized negative binomial regression
10.1101/587360	FALSE	TRUE	2019-03-24	Cell BLAST: Searching large-scale scRNA-seq databases via unbiased cell embedding
10.1101/596817	FALSE	TRUE	NA	IKAP - Identifying K mAjor cell Population groups in single-cell RNA-seq analysis
10.1101/596924	FALSE	TRUE	NA	dropClust2: An R package for resource efficient analysis of large scale single cell RNA-Seq data
10.1101/598748	FALSE	TRUE	NA	Vireo: Bayesian demultiplexing of pooled single-cell RNA-seq data without genotype reference
10.1101/599654	FALSE	TRUE	2019-04-04	Optimal marker gene selection for cell type discrimination in single cell analyses
10.1101/603589	FALSE	TRUE	2019-04-12	Exploring dimension-reduced embeddings with Sleepwalk
10.1101/621805	FALSE	TRUE	NA	Single-Cell Signature Explorer for comprehensive visualization of single cell signatures across scRNA-seq data sets
10.1101/625566	FALSE	TRUE	2019-05-02	Latent periodic process inference from single-cell RNA-seq data
10.1101/630087	FALSE	TRUE	2019-05-13	Benchmarking Single-Cell RNA Sequencing Protocols for Cell Atlas Projects
10.1101/631705	FALSE	TRUE	NA	Cerebro: Interactive visualization of scRNA-seq data
10.1101/632216	FALSE	TRUE	2019-05-09	Systematic comparative analysis of single cell RNA-sequencing methods
10.1101/634097	FALSE	TRUE	2019-05-10	Hierarchical cell type classification using mass, heterogeneous RNA-seq data from human primary cells
10.1101/636639	FALSE	TRUE	2019-05-13	Spectrum: Fast density-aware spectral clustering for single and multi-omic data
10.1101/642926	FALSE	TRUE	NA	Benchmarking algorithms for gene regulatory network inference from single-cell transcriptomic data
10.1101/648683	FALSE	TRUE	2019-05-24	Algorithms for efficiently collapsing reads with Unique Molecular Identifiers
10.1101/655365	FALSE	TRUE	NA	Accurate denoising of single-cell RNA-Seq data using unbiased principal component analysis
10.1101/655753	FALSE	TRUE	NA	Combinatorial prediction of marker panels from single-cell transcriptomic data
10.1101/655795	FALSE	TRUE	2019-05-31	A Compositional Model to Assess Expression Changes from Single-Cell Rna-Seq Data
10.1101/657619	FALSE	TRUE	2019-06-03	A mechanistic model for the negative binomial distribution of single-cell mRNA counts
10.1101/658146	FALSE	TRUE	NA	Linking genotypes with multiple phenotypes in single-cell CRISPR screens
10.1101/658401	FALSE	TRUE	NA	RNA velocity and protein acceleration from single-cell multiomics experiments
10.1101/665323	FALSE	TRUE	2019-06-13	scRecover: Discriminating true and false zeros in single-cell RNA-seq data for imputation
10.1101/669739	FALSE	TRUE	NA	Batch Effect Correction of RNA-seq Data through Sample Distance Matrix Adjustment
10.1101/669911	FALSE	TRUE	2019-06-15	Accurate estimation of cell composition in bulk expression through robust integration of single-cell information
10.1101/671180	FALSE	TRUE	2019-06-14	Surface protein imputation from single cell transcriptomes by deep neural networks
10.1101/672261	FALSE	TRUE	2019-06-17	SMNN: Batch Effect Correction for Single-cell RNA-seq data via Supervised Mutual Nearest Neighbor Detection
10.1101/673285	FALSE	TRUE	2019-06-17	Modular and efficient pre-processing of single-cell RNA-seq
10.1101/676379	FALSE	TRUE	2019-06-25	genesorteR: Feature Ranking in Clustered Single Cell Data
10.1101/677740	FALSE	TRUE	2019-06-21	SPsimSeq: semi-parametric simulation of bulk and single cell RNA sequencing data
10.1101/679183	FALSE	TRUE	2019-06-21	XenoCell: classification of cellular barcodes in single cell experiments from xenograft samples
10.1101/680926	FALSE	TRUE	NA	CellPhoneDB v2.0: Inferring cell-cell communication from combined expression of multi-subunit receptor-ligand complexes
10.1101/686659	FALSE	TRUE	2019-06-28	Feature extraction approach in single-cell gene expression profiling for cell-type marker identification
10.1101/696724	FALSE	TRUE	2019-07-09	Mapping Vector Field of Single Cells
10.1101/699637	FALSE	TRUE	NA	souporcell: Robust clustering of single cell RNAseq by genotype and ambient RNA inference without reference genotypes
10.1101/699959	FALSE	TRUE	2019-07-14	Enhancing single-cell cellular state inference by incorporating molecular network features
10.1101/713008	FALSE	TRUE	NA	SCelVis: Powerful explorative single cell data analysis on the desktop and in the cloud
10.1101/713412	FALSE	TRUE	2019-07-26	On the discovery of population-specific state transitions from multi-sample multi-condition single-cell RNA sequencing data
10.1101/716811	FALSE	TRUE	NA	A single-cell expression simulator guided by gene regulatory networks
10.1101/718668	FALSE	TRUE	NA	Probabilistic index models for testing differential expression in single cell RNA sequencing data
10.1101/727867	FALSE	TRUE	2019-08-07	scAEspy: a unifying tool based on autoencoders for the analysis of single-cell RNA sequencing data
10.1101/731638	FALSE	TRUE	NA	scDoc: Correcting Drop-out Events in Single-cell RNA-seq Data
10.1101/738997	FALSE	TRUE	NA	Detecting differential alternative splicing events in scRNA-seq with or without UMIs
10.1101/743591	FALSE	TRUE	2019-08-22	SCDC: Bulk Gene Expression Deconvolution by Multiple Single-Cell RNA Sequencing References
10.1101/746339	FALSE	TRUE	NA	A multiresolution framework to characterize single-cell state landscapes
10.1101/750612	FALSE	TRUE	2019-08-29	scHLAcount: Allele-specific HLA expression from single-cell gene expression data
10.1101/758524	FALSE	TRUE	2019-09-05	Data-based RNA-seq Simulations by Binomial Thinning
10.1101/765628	FALSE	TRUE	2019-09-11	PARC: ultrafast and accurate clustering of phenotypic data of millions of single cells
10.1101/772723	FALSE	TRUE	2019-09-18	I-Impute: a self-consistent method to impute single cell RNA sequencing data
10.1101/774547	FALSE	TRUE	NA	Single-cell atlas of major haematopoietic tissues sheds light on blood cell formation from embryonic endothelium
10.1101/776948	FALSE	TRUE	2019-09-23	scClassify: hierarchical classification of cells
10.1101/786285	FALSE	TRUE	NA	Enhancing droplet-based single-nucleus RNA-seq resolution using the semi-supervised machine learning classifier DIEM
10.1101/788554	FALSE	TRUE	NA	GiniClust3: a fast and memory-efficient tool for rare cell type identification
10.1101/788596	FALSE	TRUE	NA	Fast searches of large collections of single cell data using scfind
10.1101/791699	FALSE	TRUE	NA	CellBender remove-background: a deep generative model for unsupervised removal of background noise from scRNA-seq datasets
10.1101/794503	FALSE	TRUE	NA	Knowledge-primed neural networks enable biologically interpretable deep learning on single-cell sequencing data
10.1101/800490	FALSE	TRUE	NA	scCancer: a package for automated processing of single cell RNA-seq data in cancer
10.1101/810234	FALSE	TRUE	NA	Unifying single-cell annotations based on the Cell Ontology
10.1101/819581	FALSE	TRUE	NA	ROGUE: an entropy-based universal metric for assessing the purity of single cell population
10.1101/820928	FALSE	TRUE	NA	northstar: leveraging cell atlases to identify healthy and neoplastic cells in transcriptomes from human tumors
10.1101/820936	FALSE	TRUE	NA	Generalizing RNA velocity to transient cell states through dynamical modeling
10.1101/823682	FALSE	TRUE	NA	Cumulus: a cloud-based data analysis framework for large-scale single-cell and single-nucleus RNA-seq
10.1101/828483	FALSE	TRUE	NA	Sample demultiplexing, multiplet detection, experiment planning and novel cell type verification in single cell sequencing
10.1101/831495	FALSE	TRUE	NA	High throughput, error corrected Nanopore single cell transcriptome sequencing
10.1101/832535	FALSE	TRUE	NA	CB2 distinguishes cells from background barcodes in 10x Genomics data
10.1101/832626	FALSE	TRUE	NA	GeneSwitches : Ordering gene-expression and functional events in single-cell experiments
10.1101/836650	FALSE	TRUE	NA	Exploring High-Dimensional Biological Data with Sparse Contrastive Principal Component Analysis
10.1101/837104	FALSE	TRUE	NA	MOFA+: a probabilistic framework for comprehensive integration of structured single-cell data
10.1101/841981	FALSE	TRUE	NA	Solo: doublet identification via semi-supervised deep learning
10.1101/843946	FALSE	TRUE	NA	Single-Cell Virtual Cytometer allows user-friendly and versatile analysis and visualization of multimodal single cell RNAseq datasets
10.1101/846907	FALSE	TRUE	NA	Tempora: cell trajectory inference using time-series single-cell RNA sequencing data
10.1101/853457	FALSE	TRUE	NA	Deep generative model embedding of single-cell RNA-Seq profiles on hyperspheres and hyperbolic spaces
10.1101/854299	FALSE	TRUE	NA	CiteFuse enables multi-modal analysis of CITE-seq data
10.1101/855064	FALSE	TRUE	NA	clustifyr: An R package for automated single-cell RNA sequencing cluster classification
10.1101/859751	FALSE	TRUE	NA	Alignment of time-course single-cell RNA-seq data with CAPITAL
10.1101/864165	FALSE	TRUE	NA	DrivAER: Identification of driving transcriptional programs in single-cell RNA sequencing data
10.1101/864389	FALSE	TRUE	NA	UniPath: A uniform approach for pathway and gene-set based analysis of heterogeneity in single-cell epigenome and transcriptome profiles
10.1101/864488	FALSE	TRUE	NA	WEDGE: recovery of gene expression values for sparse single-cell RNA-seq datasets using matrix decomposition
10.1101/867309	FALSE	TRUE	NA	Sierra: Discovery of differential transcript usage from polyA-captured single-cell RNA-seq data
10.1101/gr.207902.116	FALSE	TRUE	2016-07-28	End Sequence Analysis Toolkit (ESAT) expands the extractable information from single-cell RNA-seq data
10.1101/gr.209601.116	FALSE	TRUE	2017-01-18	UMI-tools: modeling sequencing errors in Unique Molecular Identifiers to improve quantification accuracy
10.1101/gr.225979.117	FALSE	TRUE	2018-01-09	Reconstructing differentiation networks and their regulation from time series single-cell expression data
10.1101/gr.228080.117	FALSE	TRUE	2018-06-13	Linking transcriptional and genetic tumor heterogeneity through allele analysis of single-cell RNA-seq data
10.1101/gr.230771.117	FALSE	TRUE	2018-05-03	bigSCale: an analytical framework for big-scale single-cell data
10.1101/gr.239202.118	FALSE	TRUE	2018-10-24	NanoPARE: parallel analysis of RNA 5′ ends from low-input RNA
10.1101/gr.254557.119	FALSE	TRUE	NA	SHARP: hyperfast and accurate processing of single-cell RNA-seq data via ensemble random projection
10.1109/TBME.2019.2937228	FALSE	FALSE	NA	NA
10.1111/biom.13074	FALSE	FALSE	2019-06-17	Detection of differentially expressed genes in discrete single‐cell RNA sequencing data using a hurdle model with correlated random effects
10.1126/science.1254257	FALSE	FALSE	2014-06-12	Single-cell RNA-seq highlights intratumoral heterogeneity in primary glioblastoma
10.1126/science.aaa1934	FALSE	FALSE	2015-02-19	Cell types in the mouse cortex and hippocampus revealed by single-cell RNA-seq
10.1126/science.aan3235	FALSE	FALSE	2017-08-31	TheDrosophilaembryo at single-cell transcriptome resolution
10.1126/science.aar3131	FALSE	FALSE	2018-04-26	Single-cell reconstruction of developmental trajectories during zebrafish embryogenesis
10.1126/sciimmunol.aal2192	FALSE	FALSE	2017-03-03	Single-cell RNA-seq and computational analysis using temporal mixture modeling resolves TH1/TFHfate bifurcation in malaria
10.1145/3307339.3342174	FALSE	FALSE	2019	Pre-Phaser
10.1186/s12859-016-0944-6	FALSE	FALSE	2016-02-29	Discrete distributional differential expression (D3E) - a tool for gene expression analysis of single-cell RNA-seq data
10.1186/s12859-016-0984-y	FALSE	FALSE	2016-03-22	pcaReduce: hierarchical clustering of single cell transcriptional profiles
10.1186/s12859-016-1175-6	FALSE	FALSE	2016-09-13	CellTree: an R/bioconductor package to infer the hierarchical structure of cell populations from single-cell RNA-seq data
10.1186/s12859-016-1176-5	FALSE	FALSE	2016-08-23	FastProject: a tool for low-dimensional analysis of single-cell RNA-Seq data
10.1186/s12859-016-1235-y	FALSE	FALSE	2016-09-06	BTR: training asynchronous Boolean models using single-cell expression data
10.1186/s12859-017-1647-3	FALSE	FALSE	2017-05-23	DTWscore: differential expression and cell clustering analysis for time-series single-cell RNA-seq data
10.1186/s12859-017-1994-0	FALSE	FALSE	2018-01-05	PIVOT: platform for interactive analysis and visualization of transcriptomics data
10.1186/s12859-018-2226-y	FALSE	FALSE	2018-06-08	DrImpute: imputing dropout events in single cell RNA sequencing data
10.1186/s12859-019-2797-2	FALSE	FALSE	2019-05-02	scruff: an R/Bioconductor package for preprocessing single-cell RNA-sequencing data
10.1186/s12859-019-2977-0	FALSE	FALSE	2019-07-12	RESCUE: imputing dropout events in single-cell RNA-sequencing data
10.1186/s12859-019-3179-5	FALSE	FALSE	2019-12	Autoencoder-based cluster ensembles for single-cell RNA-seq data analysis
10.1186/s12859-019-3211-9	FALSE	FALSE	2019-12	scDC: single cell differential composition analysis
10.1186/s12859-019-3243-1	FALSE	FALSE	2019-12	M3S: a comprehensive model selection for multi-modal single-cell RNA sequencing data
10.1186/s12859-020-3401-5	FALSE	FALSE	2020-02-21	A deep adversarial variational autoencoder model for dimensionality reduction in single-cell RNA sequencing analysis
10.1186/s12859-020-3538-2	FALSE	FALSE	2020-05-15	CIPR: a web-based R/shiny app and R package to annotate cell clusters in single cell RNA sequencing experiments
10.1186/s12864-016-2897-6	FALSE	FALSE	2016-08	Detection of high variability in gene expression from single-cell RNA-seq profiling
10.1186/s12864-017-4019-5	FALSE	FALSE	2017-10	SAIC: an iterative clustering approach for analysis of single cell RNA-seq data
10.1186/s12864-017-4253-x	FALSE	FALSE	2017-11-25	Mosaic autosomal aneuploidies are detectable from single-cell RNAseq data
10.1186/s12864-018-4772-0	FALSE	FALSE	2018-06-19	Slingshot: cell lineage and pseudotime inference for single-cell transcriptomics
10.1186/s12864-018-5249-x	FALSE	FALSE	2018-12	ddSeeker: a tool for processing Bio-Rad ddSEQ single cell RNA-seq data
10.1186/s12864-019-5477-8	FALSE	FALSE	2019-04	TSEE: an elastic embedding method to visualize the dynamic gene expression patterns of time series single-cell RNA sequencing data
10.1186/s12864-019-5747-5	FALSE	FALSE	2019-05-08	scNPF: an integrative framework assisted by network propagation and network fusion for preprocessing of single-cell RNA-seq data
10.1186/s12864-019-6053-y	FALSE	FALSE	2019-08-27	Single Cell Explorer, collaboration-driven tools to leverage large-scale single cell RNA-seq data
10.1186/s12864-019-6305-x	FALSE	FALSE	2019-12	scReClassify: post hoc cell type classification of single-cell rNA-seq data
10.1186/s12864-019-6341-6	FALSE	FALSE	2019-12	Cloud accelerated alignment and assembly of full-length single-cell RNA-seq data using Falco
10.1186/s12918-018-0581-y	FALSE	FALSE	2018-05-25	SCNS: a graphical tool for reconstructing executable regulatory networks from single-cell genomic data
10.1186/s12918-018-0652-0	FALSE	FALSE	2018-12	scdNet: a computational tool for single-cell differential network analysis
10.1186/s12918-019-0699-6	FALSE	FALSE	2019-04	A fast and efficient count-based matrix factorization method for detecting cell types from single-cell RNAseq data
10.1186/s13059-015-0805-z	FALSE	FALSE	2015-11-02	ZIFA: Dimensionality reduction for zero-inflated single-cell gene expression analysis
10.1186/s13059-015-0844-5	FALSE	FALSE	2015-12	MAST: a flexible statistical framework for assessing transcriptional changes and characterizing heterogeneity in single-cell RNA sequencing data
10.1186/s13059-016-0888-1	FALSE	FALSE	2016-02-17	Classification of low quality cells from single-cell RNA-seq data
10.1186/s13059-016-0930-3	FALSE	FALSE	2016-04-15	Beyond comparisons of means: understanding changes in gene expression at the single-cell level
10.1186/s13059-016-0947-7	FALSE	FALSE	2016-04-27	Pooling across cells to normalize single-cell RNA sequencing data with many zero counts
10.1186/s13059-016-0975-3	FALSE	FALSE	2016-05-23	SLICER: inferring branched, nonlinear cellular trajectories from single cell RNA-seq data
10.1186/s13059-016-1010-4	FALSE	FALSE	2016-07-01	GiniClust: detecting rare cell types from single-cell gene expression data with Gini index
10.1186/s13059-016-1033-x	FALSE	FALSE	2016-08-17	Single-cell RNA-seq reveals novel regulators of human embryonic stem cell differentiation to definitive endoderm
10.1186/s13059-016-1077-y	FALSE	FALSE	2016-10-25	A statistical approach for identifying differential distributions in single-cell RNA-seq experiments
10.1186/s13059-017-1188-0	FALSE	FALSE	2017-03-28	CIDR: Ultrafast and accurate clustering through imputation for single-cell RNA-seq data
10.1186/s13059-017-1200-8	FALSE	FALSE	2017-04-26	SCALE: modeling allele-specific gene expression by single-cell RNA sequencing
10.1186/s13059-017-1248-5	FALSE	FALSE	2017-06-27	BRIE: transcriptome-wide splicing quantification in single cells
10.1186/s13059-017-1269-0	FALSE	FALSE	2017-07-24	MATCHER: manifold alignment reveals correspondence between single cell transcriptome and epigenome dynamics
10.1186/s13059-017-1305-0	FALSE	FALSE	2017-09-12	Splatter: simulation of single-cell RNA sequencing data
10.1186/s13059-017-1334-8	FALSE	FALSE	2017-11-07	f-scLVM: scalable and versatile factor analysis for single-cell RNA-seq
10.1186/s13059-017-1382-0	FALSE	FALSE	2018-02-06	SCANPY: large-scale single-cell gene expression data analysis
10.1186/s13059-018-1406-4	FALSE	FALSE	2018-02-26	Observation weights unlock bulk RNA-seq tools for zero inflation and single-cell applications
10.1186/s13059-018-1431-3	FALSE	FALSE	2018-05-10	GiniClust2: a cluster-aware, weighted ensemble clustering method for cell-type detection
10.1186/s13059-018-1438-9	FALSE	FALSE	2018-05-31	UMI-count modeling and differential expression analysis for single-cell RNA sequencing
10.1186/s13059-018-1440-2	FALSE	FALSE	2018-05-29	BGP: identifying gene-specific branching dynamics from single-cell data with a branching Gaussian process
10.1186/s13059-018-1449-6	FALSE	FALSE	2018-06-19	dropEst: pipeline for accurate estimation of molecular counts in droplet-based single-cell RNA-seq experiments
10.1186/s13059-018-1575-1	FALSE	FALSE	2018-11-12	VIPER: variability-preserving imputation for accurate gene expression recovery in single-cell RNA sequencing studies
10.1186/s13059-019-1645-z	FALSE	FALSE	2019-03-12	clonealign: statistical integration of independent single-cell RNA and DNA sequencing data from human cancers
10.1186/s13059-019-1662-y	FALSE	FALSE	2019-03-22	EmptyDrops: distinguishing cells from empty droplets in droplet-based single-cell RNA sequencing data
10.1186/s13059-019-1663-x	FALSE	FALSE	2019-03-19	PAGA: graph abstraction reconciles clustering with trajectory inference through a topology preserving map of single cells
10.1186/s13059-019-1670-y	FALSE	FALSE	2019-03-27	Alevin efficiently estimates accurate gene abundances from dscRNA-seq data
10.1186/s13059-019-1681-8	FALSE	FALSE	2019-05-06	SCRABBLE: single-cell RNA-seq imputation constrained by bulk RNA-seq data
10.1186/s13059-019-1713-4	FALSE	FALSE	2019-06-04	Single-cell transcriptomics unveils gene regulatory network plasticity
10.1186/s13059-019-1764-6	FALSE	FALSE	2019-08-12	BERMUDA: a novel deep transfer learning method for single-cell RNA sequencing batch correction reveals hidden high-resolution cellular subtypes
10.1186/s13059-019-1766-4	FALSE	FALSE	2019-08-14	scAlign: a tool for alignment, integration, and rare cell identification from scRNA-seq data
10.1186/s13059-019-1861-6	FALSE	FALSE	2019-12	Feature selection and dimension reduction for single-cell RNA-Seq based on a multinomial model
10.1186/s13059-019-1862-5	FALSE	FALSE	2019-12	scPred: accurate supervised method for cell-type classification from single-cell RNA-seq data
10.1186/s13059-019-1865-2	FALSE	FALSE	2019-12	Vireo: Bayesian demultiplexing of pooled single-cell RNA-seq data without genotype reference
10.1186/s13059-019-1922-x	FALSE	FALSE	2020-01-14	DENDRO: genetic heterogeneity profiling and subclone detection by single-cell RNA sequencing
10.1186/s13059-020-02015-1	FALSE	FALSE	2020-05-11	MOFA+: a statistical framework for comprehensive integration of multi-modal single-cell data
10.1186/s13059-020-02054-8	FALSE	FALSE	2020-06-08	CB2 improves power of cell detection in droplet-based single-cell RNA sequencing data
10.1186/s13059-020-1928-4	FALSE	FALSE	2020-01-24	scMAGeCK links genotypes with multiple phenotypes in single-cell CRISPR screens
10.1186/s13059-020-1932-8	FALSE	FALSE	2020-02-03	scAI: an unsupervised approach for the integrative analysis of parallel single-cell transcriptomic and epigenomic profiles
10.1186/s13059-020-1945-3	FALSE	FALSE	2020-02-18	Protein velocity and acceleration from single-cell multiomics experiments
10.1186/s13073-017-0492-3	FALSE	FALSE	2017-12	Granatum: a graphical single-cell RNA-Seq analysis pipeline for genomics scientists
10.1186/s13073-018-0528-3	FALSE	FALSE	2018-03-20	BALDR: a computational pipeline for paired heavy and light chain immunoglobulin reconstruction in single-cell RNA-seq data
10.1186/s13073-018-0567-9	FALSE	FALSE	2018-07-24	Single-cell transcriptome analysis of lineage diversity in high-grade glioma
10.1214/18-AOAS1213	FALSE	FALSE	NA	NA
10.1214/19-STS714	FALSE	FALSE	2020-02	Model-Based Approach to the Joint Analysis of Single-Cell Data on Chromatin Accessibility and Gene Expression
10.12688/f1000research.14966.1	FALSE	FALSE	2018-06-14	iSEE: Interactive SummarizedExperiment Explorer
10.12688/f1000research.15830.1	FALSE	FALSE	2018-08-16	An accessible, interactive GenePattern Notebook for analysis and exploration of single-cell transcriptomic data
10.12688/f1000research.16198.1	FALSE	FALSE	2018-09-21	scClustViz – Single-cell RNAseq cluster assessment and visualization
10.12688/wellcomeopenres.11087.1	FALSE	FALSE	2017-03-15	Probabilistic modeling of bifurcations in single-cell gene expression data using a Bayesian mixture of factor analyzers
10.1371/journal.pcbi.1004333	FALSE	FALSE	2015-06-24	BASiCS: Bayesian Analysis of Single-Cell Sequencing Data
10.1371/journal.pcbi.1004575	FALSE	FALSE	2015-11-24	SINCERA: A Pipeline for Single-Cell RNA-Seq Profiling Analysis
10.1371/journal.pcbi.1006053	FALSE	FALSE	2018-04-09	A multitask clustering approach for single-cell RNA-seq analysis in Recessive Dystrophic Epidermolysis Bullosa
10.1371/journal.pcbi.1006361	FALSE	FALSE	2018-08-10	scPipe: A flexible R/Bioconductor preprocessing pipeline for single-cell RNA-sequencing data
10.1371/journal.pcbi.1006369	FALSE	FALSE	2018-08-13	SILGGM: An extensive R package for efficient statistical inference in large-scale gene networks
10.1371/journal.pcbi.1006378	FALSE	FALSE	2018-09-04	clusterExperiment and RSEC: A Bioconductor package and framework for clustering of single-cell and other large gene expression datasets
10.1371/journal.pcbi.1006391	FALSE	FALSE	2018-08-06	A new dynamic correlation algorithm reveals novel functional aspects in single cell and bulk RNA-seq data
10.1371/journal.pcbi.1006733	FALSE	FALSE	2019-02-28	Integration of single-cell RNA-seq data into population models to characterize cancer metabolism
10.1371/journal.pcbi.1006772	FALSE	FALSE	2019-02-19	A component overlapping attribute clustering (COAC) algorithm for single-cell RNA sequencing data analysis and potential pathobiological implications
10.1371/journal.pcbi.1007040	FALSE	FALSE	2019-08-30	PanoView: An iterative clustering method for single-cell RNA sequencing data
10.1371/journal.pcbi.1007644	FALSE	FALSE	2020-02-18	Inferring TF activation order in time series scRNA-Seq studies
10.1371/journal.pcbi.1007925	FALSE	FALSE	2020-06-05	Detecting differential alternative splicing events in scRNA-seq with or without Unique Molecular Identifiers
10.1371/journal.pgen.1006599	FALSE	FALSE	2017-03-23	Visualizing the structure of RNA-seq expression data using grade of membership models
10.1371/journal.pone.0180583	FALSE	FALSE	2017-07-03	Dr.seq2: A quality control and analysis pipeline for parallel single cell transcriptome and epigenome data
10.1371/journal.pone.0205499	FALSE	FALSE	2018-10-10	CaSTLe – Classification of single cells by transfer learning: Harnessing the power of publicly available single cell RNA sequencing experiments to annotate new experiments
10.1371/journal.pone.0231250	FALSE	FALSE	2020-04-10	Decomposition of a set of distributions in extended exponential family form for distinguishing multiple oligo-dimensional marker expression profiles of single-cell populations and visualizing their dynamics
10.15252/msb.20178124	FALSE	FALSE	2018-06	Multi‐Omics Factor Analysis—a framework for unsupervised integration of multi‐omics data sets
10.15252/msb.20188557	FALSE	FALSE	2019-02	De novo gene signature identification from single‐cell RNA ‐seq with hierarchical Poisson factorization
10.15252/msb.20199005	FALSE	FALSE	2019-10	Combinatorial prediction of marker panels from single‐cell transcriptomic data
10.18547/gcb.2017.vol3.iss1.e46	FALSE	FALSE	2017-01-26	Bayesian Inference for Single-cell Clustering and Imputing
10.21105/joss.02061	FALSE	FALSE	2020-04-26	scTree: An R package to generate antibody-compatible classifiers from single-cell sequencing data
10.21105/joss.02079	FALSE	FALSE	2020-02-25	scPCA: A toolbox for sparse contrastive principal component analysis in R
10.21203/rs.2.22114/v1	FALSE	TRUE	NA	SCC: An accurate modification method for scRNA-seq dropouts based on mixture model
10.26508/lsa.201900443	FALSE	FALSE	2019-07-02	De novo prediction of cell-type complexity in single-cell RNA-seq and tumor microenvironments
10.3389/fbioe.2020.00018	FALSE	FALSE	2020-02-04	CALISTA: Clustering and LINEAGE Inference in Single-Cell Transcriptional Analysis
10.3389/fgene.2019.00734	FALSE	FALSE	2019-08-09	A Tool for Visualization and Analysis of Single-Cell RNA-Seq Data Based on Text Mining
10.3389/fgene.2019.00953	FALSE	FALSE	2019-10-09	MTGO-SC, A Tool to Explore Gene Modules in Single-Cell RNA Sequencing Data
10.3389/fgene.2020.00490	FALSE	FALSE	2020-05-12	SCSA: A Cell Type Annotation Tool for Single-Cell RNA-seq Data
10.3390/genes10070531	FALSE	FALSE	2019-07-12	SCINA: Semi-Supervised Analysis of Single Cells in Silico
10.3390/genes11050532	FALSE	FALSE	2020-05-11	Sparsity-Penalized Stacked Denoising Autoencoders for Imputing Single-Cell RNA-Seq Data
10.7554/eLife.43803	FALSE	FALSE	NA	NA
10.7554/eLife.48994	FALSE	FALSE	2019-09-16	Self-assembling manifolds in single-cell RNA sequencing data
10.7717/peerj.6970	FALSE	FALSE	2019-05-27	Detection of condition-specific marker genes from RNA-seq data with MGFR
10.7717/peerj.8607	FALSE	FALSE	2020-02-19	SCelVis: exploratory single cell data analysis on the desktop and in the cloud
