DOI,Title
10.1038/nature19348,Single-cell analysis of mixed-lineage states leading to a binary cell fate choice
10.1016/j.molcel.2017.06.003,Single-Cell Alternative Splicing Analysis with Expedition Reveals Splicing Dynamics during Neuron Differentiation
10.1101/207704,ascend: R package for analysis of single cell RNA-seq data
10.1038/nmeth.4463,SCENIC: single-cell regulatory network inference and clustering
10.1126/science.aaa1934,Cell types in the mouse cortex and hippocampus revealed by single-cell RNA-seq
10.1093/bioinformatics/btw631,BASIC: BCR assembly from single cells
10.1371/journal.pcbi.1004333,BASiCS: Bayesian Analysis of Single-Cell Sequencing Data
10.1186/s13059-016-0930-3,Beyond comparisons of means: understanding changes in gene expression at the single-cell level
10.1101/237214,Robust expression variability testing reveals heterogeneous T cell responses
10.1101/118919,BEARscc determines robustness of single-cell clusters using simulated technical replicates
10.1101/197244,bigSCale: An Analytical Framework for Big-Scale Single-Cell Data
10.1093/bioinformatics/btw202,Beta-Poisson model for single-cell RNA-seq data analyses
10.1101/185504,BraCeR: Reconstruction of B-cell receptor sequences and clonality inference from single-cell RNA-sequencing
10.1101/166868,BGP: Branched Gaussian processes for identifying gene-specific branching dynamics in single cell data
10.1186/s13059-017-1248-5,BRIE: transcriptome-wide splicing quantification in single cells
10.1186/s12859-016-1235-y,BTR: training asynchronous Boolean models using single-cell expression data
10.1186/s13059-016-0888-1,Classification of low quality cells from single-cell RNA-seq data
10.1038/ncomms14049,Massively parallel digital transcriptional profiling of single cells
10.1186/s12859-016-1175-6,CellTree: an R/bioconductor package to infer the hierarchical structure of cell populations from single-cell RNA-seq data
10.1101/068775,CIDR: Ultrafast and accurate clustering through imputation for single-cell RNA-Seq data
10.1101/045070,Controlling for confounding effects in single cell RNA sequencing studies using both control and target genes
10.1101/255711,ClusterMine: a Knowledge-integrated Clustering Approach based on Expression Profiles of Gene Sets
10.1186/s12859-016-0944-6,Discrete distributional differential expression (D3E) - a tool for gene expression analysis of single-cell RNA-seq data
10.1101/225177,DECENT: Differential Expression with Capture Efficiency AdjustmeNT for Single-Cell RNA-seq Data
10.1093/bioinformatics/btw372,Pseudotime estimation: deconfounding single cell time series
10.1038/nbt.4042,Multiplexed droplet single-cell RNA-sequencing using natural genetic variation
10.1101/191254,An Interpretable Framework for Clustering Single-Cell RNA-Seq Datasets
10.1101/227033,Gene Expression Distribution Deconvolution in Single Cell RNA Sequencing
10.1093/bioinformatics/btv715,destiny: diffusion maps for large-scale single-cell data in R
10.1126/science.aan3235,TheDrosophilaembryo at single-cell transcriptome resolution
10.1038/nmeth.3971,Diffusion pseudotime robustly reconstructs lineage branching
10.1101/181479,DrImpute: Imputing dropout events in single cell RNA sequencing data
10.1101/099473,Cell fixation and preservation for droplet-based single-cell transcriptomics
10.1101/170308,dropClust: Efficient clustering of ultra-large scRNA-seq data
10.1101/171496,Accurate estimation of molecular counts in droplet-based single-cell RNA-seq experiments
10.1371/journal.pone.0180583,Dr.seq2: A quality control and analysis pipeline for parallel single cell transcriptome and epigenome data
10.1186/s12859-017-1647-3,DTWscore: differential expression and cell clustering analysis for time-series single-cell RNA-seq data
10.1101/036533,Robust Lineage Reconstruction from High-Dimensional Single-Cell Data
10.1101/027219,Laplacian eigenmaps and principal curves for high resolution pseudotemporal ordering of single-cell RNA-seq profiles
10.1101/gr.207902.116,End Sequence Analysis Toolkit (ESAT) expands the extractable information from single-cell RNA-seq data
10.1093/bioinformatics/btw732,Falco: a quick and flexible single-cell RNA-seq processing framework on the cloud
10.1186/s12859-016-1176-5,FastProject: a tool for low-dimensional analysis of single-cell RNA-Seq data
10.1101/218115,FateID infers cell fate bias in multipotent progenitors from single-cell RNA-seq data
10.1186/s13059-016-1010-4,GiniClust: detecting rare cell types from single-cell gene expression data with Gini index
10.1101/246439,"A cluster-aware, weighted ensemble clustering method for cell-type detection"
10.1126/sciimmunol.aal2192,Single-cell RNA-seq and computational analysis using temporal mixture modeling resolves TH1/TFHfate bifurcation in malaria
10.1101/110759,Granatum: a graphical single-cell RNA-Seq analysis pipeline for genomics scientists
10.1101/227843,GrandPrix: Scaling up the Bayesian GPLVM for single-cell data
10.1093/bioinformatics/btv122,Normalization and noise reduction for single cell RNA-seq experiments
10.1093/bioinformatics/btx605,A Bayesian framework for the inference of gene regulatory networks from time and pseudo-time series data
10.1093/bioinformatics/btx232,HopLand: single-cell pseudotime recovery using continuous Hopfield network-based modeling of Waddington’s epigenetic landscape
10.1038/ncb3494,Demystifying blood stem cell fates
10.1126/science.1254257,Single-cell RNA-seq highlights intratumoral heterogeneity in primary glioblastoma
10.1093/bioinformatics/bty100,Isoform-level gene expression patterns in single-cell RNA-sequencing data
10.1101/094532,Model-based branching point detection in single-cell data by K-Branches clustering
10.1101/200345,Assessment of batch-correction methods for scRNA-seq data with a new test metric
10.1101/217737,K-nearest neighbor smoothing for high-throughput single-cell RNA-Seq data
10.1093/bioinformatics/btw729,LEAP: constructing gene co-expression networks for single-cell RNA-sequencing data using pseudotime ordering
10.1101/065094,Modelling dropouts for feature selection in scRNASeq experiments
10.1101/111591,MAGIC: A diffusion-based imputation method reveals gene-gene interactions in single-cell RNA-sequencing data
10.1186/s13059-015-0844-5,MAST: a flexible statistical framework for assessing transcriptional changes and characterizing heterogeneity in single-cell RNA sequencing data
10.1186/s13059-017-1269-0,MATCHER: manifold alignment reveals correspondence between single cell transcriptome and epigenome dynamics
10.1101/261768,Reconstructing complex lineage trees from scRNA-seq data using MERLoT
10.1101/150524,Addressing the looming identity crisis in single cell RNA-seq
10.12688/wellcomeopenres.11087.1,Probabilistic modeling of bifurcations in single-cell gene expression data using a Bayesian mixture of factor analyzers
10.1038/nbt.2859,The dynamics and regulators of cell fate decisions are revealed by pseudotemporal ordering of single cells
10.1038/nmeth.4150,Single-cell mRNA quantification and differential analysis with Census
10.1038/nmeth.4402,Reversed graph embedding resolves complex single-cell trajectories
10.1038/ncomms11988,Mpath maps multi-branching single-cell trajectories revealing progenitor cell progression during development
10.1093/bioinformatics/bty050,Spectral clustering based on learning similarity matrix
10.1101/234021,netSmooth: Network-smoothing based imputation for single cell RNA-seq
10.1016/j.cels.2017.08.014,Gene Regulatory Network Inference from Single-Cell Data Using Multivariate Information Measures
10.1093/bioinformatics/btw004,OEFinder: a user interface to identify and visualize ordering effects in single-cell RNA-seq data
10.1038/nmeth.3549,Oscope identifies oscillatory genes in unsynchronized single-cell RNA-seq experiments
10.1101/060442,A descriptive marker gene approach to single-cell pseudotime inference
10.1101/170118,Fundamental limits on dynamic inference from single cell snapshots
10.1186/s12859-016-0984-y,pcaReduce: hierarchical clustering of single cell transcriptional profiles
10.1101/211938,Probabilistic Count Matrix Factorization for Single Cell Expression Data Analysis
10.1016/j.cels.2017.10.012,Unsupervised Trajectory Analysis of Single-Cell RNA-Seq and Imaging Data Reveals Alternative Tuft Cell Origins in the Gut
10.1101/120378,Visualizing Transitions and Structure for High Dimensional Data Exploration
10.1101/159913,Uncovering genomic trajectories with heterogeneous genetic and environmental backgrounds across single-cells and populations
10.1186/s12859-017-1994-0,PIVOT: platform for interactive analysis and visualization of transcriptomics data
10.1101/117150,powsimR: Power analysis for bulk and single cell RNA-seq experiments
10.1101/256941,PROSSTT: probabilistic simulation of single-cell RNA-seq data for complex differentiation processes
10.1101/219188,Beyond pseudotime: Following T-cell maturation in single-cell RNAseq time series
10.1101/047365,Order under uncertainty: robust differential expression analysis using probabilistic models for pseudotime inference
10.1016/j.stem.2016.05.010,De Novo Prediction of Stem Cell Identity using Single-Cell Transcriptome Data
10.1101/258699,Random forest based similarity learning for single cell RNA sequencing data
10.1038/ng.3818,Reference component analysis of single-cell transcriptomes elucidates cellular heterogeneity in human colorectal tumors
10.1038/s41467-017-00039-z,Reconstructing cell cycle pseudo time-series via single-cell transcriptome data
10.1101/215723,SAFE-clustering: Single-cell Aggregated (From Ensemble) Clustering for Single-cell RNA-seq Data
10.1186/s12864-017-4019-5,SAIC: an iterative clustering approach for analysis of single cell RNA-seq data
10.1093/bioinformatics/btt511,SAMstrt: statistical test for differential expression in single-cell transcriptome with spike-in normalization
10.1101/237065,Exploring Single-Cell Data with Multitasking Deep Neural Networks
10.1101/138677,Gene Expression Recovery For Single Cell RNA Sequencing
10.1038/nmeth.4236,SC3: consensus clustering of single-cell RNA-seq data
10.1186/s13059-017-1200-8,SCALE: modeling allele-specific gene expression by single-cell RNA sequencing
10.1186/s13059-017-1382-0,SCANPY: large-scale single-cell gene expression data analysis
10.1101/208819,Graph abstraction reconciles clustering with trajectory inference through a topology preserving map of single cells
10.1093/bioinformatics/btw777,"Scater: pre-processing, quality control, normalization and visualization of single-cell RNA-seq data in R"
10.1186/s13059-016-1077-y,A statistical approach for identifying differential distributions in single-cell RNA-seq experiments
10.1038/nmeth.2967,Bayesian approach to single-cell differential expression analysis
10.1101/gr.225979.117,Reconstructing differentiation networks and their regulation from time series single-cell expression data
10.1093/bioinformatics/btw201,SCell: integrated analysis of single-cell RNA-seq data
10.1038/ncomms15599,Single-cell entropy for accurate estimation of differentiation potency from a cell’s transcriptome
10.1093/bioinformatics/bty058,scEpath: energy landscape-based inference of transition probabilities and cellular trajectories from single-cell transcriptomic data
10.1101/256644,Integration of single-cell RNA-seq data into metabolic models to characterize tumour cell populations
10.1101/070151,"Tracing co-regulatory network dynamics in noisy, single-cell transcriptome trajectories"
10.1101/141598,scImpute: Accurate And Robust Imputation For Single Cell RNA-Seq Data
10.1038/nbt.3102,Computational analysis of cell-to-cell heterogeneity in single-cell RNA-sequencing data reveals hidden subpopulations of cells
10.1101/150292,scmap - A tool for unsupervised projection of single cell RNA-seq data
10.1016/j.cell.2018.02.001,Mapping the Mouse Cell Atlas by Microwell-Seq
10.1038/nmeth.4263,SCnorm: robust normalization of single-cell RNA-seq data
10.1101/088856,SCODE: An efficient regulatory network inference algorithm from single-cell RNA-Seq during differentiation
10.1101/235382,Performance Assessment and Selection of Normalization Procedures for Single-Cell RNA-Seq
10.1101/079509,SCORPIUS improves trajectory inference and identifies novel modules in dendritic cell development
10.1101/046110,SCPattern: A statistical approach to identify and classify expression changes in single cell RNA-seq experiments with ordered conditions
10.1093/bioinformatics/btw484,scphaser: haplotype inference using single-cell RNA-seq data
10.1101/175927,scPipe: a flexible R/Bioconductor preprocessing pipeline for single-cell RNA-sequencing data
10.1186/s12864-017-4253-x,Mosaic autosomal aneuploidies are detectable from single-cell RNAseq data
10.1186/s13059-016-0947-7,Pooling across cells to normalize single-cell RNA sequencing data with many zero counts
10.1101/165118,Correcting batch effects in single-cell RNA sequencing data by matching mutual nearest neighbours.
10.1093/nar/gkx750,Network embedding-based representation learning for single cell RNA-seq data
10.1038/nbt.3854,Single-cell topological RNA-seq analysis reveals insights into cellular differentiation and development
10.1073/pnas.1408993111,Bifurcation analysis of single-cell gene expression data reveals epigenetic landscape
10.1186/s12864-016-2897-6,Detection of high variability in gene expression from single-cell RNA-seq profiling
10.1093/bib/bbx074,SEGtool: a specifically expressed gene detection tool and applications in human tissue and single-cell sequencing data
10.1038/nbt.3192,Spatial reconstruction of single-cell gene expression data
10.1101/164889,"Integrated analysis of single cell transcriptomic data across conditions, technologies, and species"
10.1101/250811,"Sharq, a versatile preprocessing and QC pipeline for Single Cell RNA-seq"
10.1038/nmeth.4207,Visualization and analysis of single-cell RNA-seq data by kernel-based similarity learning
10.1002/pmic.201700232,SIMLR: A Tool for Large-Scale Genomic Analyses by Multi-Kernel Learning
10.1101/014472,Sincell: Bioconductor package for the statistical assessment of cell-state hierarchies from single-cell RNA-seq data
10.1371/journal.pcbi.1004575,SINCERA: A Pipeline for Single-Cell RNA-Seq Profiling Analysis
10.1093/bioinformatics/btx575,SINCERITIES: inferring gene regulatory networks from time-stamped single cell transcriptional expression profiles
10.1093/bioinformatics/btx297,SinCHet: a MATLAB toolbox for single cell heterogeneity analysis in cancer
10.1093/nar/gkv1525,Robust detection of alternative splicing in a population of single cells
10.1093/bioinformatics/btw176,Quality control of single-cell RNA-seq by SinQC
10.1101/136242,Barcode identification for single cell genomics
10.1186/s13059-017-1334-8,f-scLVM: scalable and versatile factor analysis for single-cell RNA-seq
10.1093/nar/gkw1278,SLICE: determining cell differentiation and lineage based on single cell entropy
10.1186/s13059-016-0975-3,"SLICER: inferring branched, nonlinear cellular trajectories from single cell RNA-seq data"
10.1101/128843,Slingshot: Cell lineage and pseudotime inference for single-cell transcriptomics
10.1101/168922,Low-rank Similarity Matrix Optimization Identifies Subpopulation Structure and Orders Single Cells in Pseudotime
10.1038/nbt.1991,Extracting a cellular hierarchy from high-dimensional cytometry data with SPADE
10.1038/nprot.2016.066,Visualization and cellular hierarchy inference of single-cell data using SPADE
10.1093/nar/gkx1113,A sparse differential clustering algorithm for tracing cell type changes via single-cell RNA-sequencing data
10.1186/s13059-017-1305-0,Splatter: simulation of single-cell RNA sequencing data
10.1101/090332,SPRING: a kinetic interface for visualizing high dimensional single-cell expression data
10.1101/095810,Using Single Nucleotide Variations in Single-Cell RNA-Seq to Identify Tumor Subpopulations and Genotype-phenotype Linkage
10.1038/ncb3493,Human haematopoietic stem cell lineage commitment is a continuous process
10.1093/bioinformatics/btw798,switchde: inference of switch-like differential expression along single-cell trajectories
10.1093/nar/gkx754,Accounting for technical noise in differential expression analysis of single-cell RNA sequencing data
10.1093/bioinformatics/btx173,TASIC: determining branching models from time series single cell data
10.1101/057778,Topslam: Waddington Landscape Recovery for Single Cell Experiments
10.1038/nmeth.3800,T cell fate and clonality inference from single-cell transcriptomes
10.1093/nar/gkx615,Targeted reconstruction of T cell receptor sequence from single cell RNA-seq links CDR3 length to T cell differentiation state
10.1093/nar/gkw430,TSCAN: Pseudo-time reconstruction and evaluation in single-cell RNA-seq analysis
10.1101/gr.209601.116,UMI-tools: modeling sequencing errors in Unique Molecular Identifiers to improve quantification accuracy
10.1038/nmeth.4220,Power analysis of single-cell RNA-sequencing experiments
10.1101/142398,Scalable preprocessing for sparse scRNA-seq data exploiting prior knowledge
10.1101/199315,VASC: dimension reduction and visualization of single cell RNA sequencing data by deep variational autoencoder
10.1101/181156,B-cell receptor reconstruction from single-cell RNA-seq with VDJPuzzle
10.1101/206052,RNA velocity in single cells
10.1007/s12539-017-0277-9,visnormsc: A Graphical User Interface to Normalize Single-cell RNA Sequencing Data
10.1186/s13059-016-1033-x,Single-cell RNA-seq reveals novel regulators of human embryonic stem cell differentiation to definitive endoderm
10.1038/nbt.3569,Wishbone identifies bifurcating developmental trajectories from single-cell data
10.1186/s13059-015-0805-z,ZIFA: Dimensionality reduction for zero-inflated single-cell gene expression analysis
10.1038/s41467-017-02554-5,A general and flexible method for signal extraction from single-cell RNA-seq data
10.1186/s13059-018-1406-4,Observation weights unlock bulk RNA-seq tools for zero inflation and single-cell applications
10.1101/157982,zingeR: unlocking RNA-seq tools for zero-inflation and single cell applications
10.1101/153940,zUMIs: A fast and flexible pipeline to process RNA sequencing data with UMIs
10.1038/s41467-018-03282-0,Characterizing the replicability of cell types defined by single cell RNA-sequencing data using MetaNeighbor
10.1101/272443,Learning common and specific patterns from data of multiple interrelated biological scenarios with matrix factorization
10.1101/276311,DensityPath: a level-set algorithm to visualize and reconstruct cell developmental trajectories for large-scale single-cell RNAseq data
10.1101/271163,Parallelized Inference for Single Cell Transcriptomic Clustering with Split Merge Sampling on DPMM Model
10.1101/276261,Visualizing single-cell RNA-seq datasets with Similarity Weighted Nonnegative Embedding
arxiv/1802.09381,DropLasso: A robust variant of Lasso for single cell RNA-seq data
arxiv/1802.08114,"Sparse Bayesian dynamic network models, with genomics applications"
10.1101/144501,SCENIC: Single-Cell Regulatory Network Inference And Clustering
10.1101/098517,Transcriptome-wide splicing quantification in single cells
10.1186/s13059-017-1188-0,CIDR: Ultrafast and accurate clustering through imputation for single-cell RNA-seq data
10.1101/118778,Multiplexing droplet-based single cell RNA-sequencing using natural genetic barcodes
10.1101/064006,Falco: A quick and flexible single-cell RNA-seq processing framework on the cloud
10.1101/074971,Temporal mixture modelling of single-cell RNA-seq data resolves a CD4+ T cell fate bifurcation
10.1101/036988,Isoform-level gene expression patterns in single-cell RNA-sequencing data
10.1101/110668,Reversed graph embedding resolves complex single-cell developmental trajectories
10.1101/053348,PIVOT: Platform for Interactive Analysis and Visualization of Transcriptomics Data
10.1101/036558,SC3 - consensus clustering of single-cell RNA-Seq data
10.1101/109629,Modeling allele-specific gene expression by single-cell RNA sequencing
10.1101/174029,Scanpy for analysis of large-scale single-cell gene expression data
10.1101/069633,"scater: pre-processing, quality control, normalisation and visualisation of single-cell RNA-seq data in R"
10.1101/035501,scDD: A statistical approach for identifying differential distributions in single-cell RNA-seq experiments
10.1101/084202,Single-cell entropy for quantification of differentiation potency from a cell's transcriptome
10.1101/090167,SCnorm: A quantile-regression based approach for robust normalization of single-cell RNA-seq data
10.1101/052225,Visualization and analysis of single-cell RNA-seq data by kernel-based similarity learning
10.1093/bioinformatics/btv368,Sincell: an R/Bioconductor package for statistical assessment of cell-state hierarchies from single-cell RNA-seq: Fig. 1.
10.1101/133173,Splatter: Simulation Of Single-Cell RNA Sequencing Data
10.1101/116939,Accounting For Technical Noise In Single-Cell RNA Sequencing Analysis
10.1101/051755,UMI-tools: Modelling sequencing errors in Unique Molecular Identifiers to improve quantification accuracy
10.1101/073692,Power Analysis of Single Cell RNA‐Sequencing Experiments
10.1101/125112,ZINB-WaVE: A general and flexible method for signal extraction from single-cell RNA-seq data
10.1101/250126,Observation weights to unlock bulk RNA-seq tools for zero inflation and single-cell applications
10.1038/nmeth.4628,Alignment of single-cell trajectories to compare cellular expression dynamics
10.1038/s41467-018-03214-y,Reconstruction of complex single-cell trajectories using CellRouter
10.1101/280545,clusterExperiment and RSEC: A Bioconductor package and framework for clustering of single-cell and other large gene expression datasets
10.1038/s41467-018-03405-7,An accurate and robust imputation method scImpute for single-cell RNA-seq data
10.1007/978-1-4939-7710-9_15,Single-Cell Transcriptome Analysis Using SINCERA Pipeline
10.1101/173997,DEsingle: A new method for single-cell differentially expressed genes detection and classification
arxiv/1704.02007,"DIMM-SC: A Dirichlet mixture model for clustering droplet-based single
  cell transcriptomic data"
10.1093/bioinformatics/btx490,DIMM-SC: a Dirichlet mixture model for clustering droplet-based single cell transcriptomic data
10.1101/276907,A comparison of single-cell trajectory inference methods: towards more accurate and robust tools
10.1101/151217,A robust statistical framework to detect multiple sources of hidden variation in single-cell transcriptomes
10.1101/166736,Varying-Censoring Aware Matrix Factorization for Single Cell RNA-Sequencing
10.1101/257550,CALISTA: Clustering And Lineage Inference in Single-Cell Transcriptional Analysis
10.1101/132811,FORKS: Finding Orderings Robustly using K-means and Steiner trees
10.1101/211417,GPseudoRank: a permutation sampler for single cell orderings
10.1038/nbt.4091,Batch effects in single-cell RNA-sequencing data are corrected by matching mutual nearest neighbors
10.1101/292037,Bayesian Inference for a Generative Model of Transcriptome Profiles from Single-cell RNA Sequencing
10.1038/nbt.4096,"Integrating single-cell transcriptomic data across different conditions, technologies, and species"
10.1038/nmeth.4634,Identification of spatial expression trends in single-cell gene expression data
10.1186/s13073-018-0528-3,BALDR: a computational pipeline for paired heavy and light chain immunoglobulin reconstruction in single-cell RNA-seq data
10.1101/234872,Distinguishing cells from empty droplets in droplet-based single-cell RNA sequencing data
10.1038/nmeth.4644,scmap: projection of single-cell RNA-seq data across data sets
10.1101/123810,CellView: Interactive Exploration Of High Dimensional Single Cell RNA-Seq Data
10.1101/300681,Single cell RNA-seq denoising using a deep count autoencoder
10.1371/journal.pcbi.1006053,A multitask clustering approach for single-cell RNA-seq analysis in Recessive Dystrophic Epidermolysis Bullosa
10.1093/bioinformatics/bty203,B-cell receptor reconstruction from single-cell RNA-seq with VDJPuzzle
10.1093/bioinformatics/btx435,powsimR: power analysis for bulk and single cell RNA-seq experiments
10.1038/s41467-018-03933-2,A geometric approach to characterize the functional identity of single cells
arxiv/1605.04492,"Identifying and removing the cell-cycle effect from single-cell
  RNA-Sequencing data"
10.1038/srep33892,Identifying and removing the cell-cycle effect from single-cell RNA-Sequencing data
10.1101/217778,TRUmiCount: Correctly counting absolute numbers of molecules using unique molecular identifiers
10.1093/bioinformatics/bty283,TRUmiCount: Correctly counting absolute numbers of molecules using unique molecular identifiers
10.1186/s13073-017-0492-3,Granatum: a graphical single-cell RNA-Seq analysis pipeline for genomics scientists
10.1101/302554,"STREAM: Single-cell Trajectories Reconstruction, Exploration And Mapping of omics data"
10.1093/bioinformatics/bty316,CONICS integrates scRNA-seq with DNA sequencing to map gene expression to tumor sub-clones
10.1093/bioinformatics/bty332,DEsingle for detecting three types of differential expression in single-cell RNA-seq data
10.1093/bioinformatics/bty329,Two-phase differential expression analysis for single cell RNA-seq
10.1007/978-3-319-78723-7_31,scFeatureFilter: Correlation-Based Feature Filtering for Single-Cell RNAseq
10.1016/j.ymeth.2018.04.017,SigEMD: A powerful method for differential gene expression analysis in single-cell RNA sequencing data
10.1093/nar/gky308,BCseq: accurate single cell RNA-seq quantification with bias correction
10.1101/314831,matchSCore: Matching Single-Cell Phenotypes Across Tools and Experiments
10.1101/303727,SoupX removes ambient RNA contamination from droplet based single cell RNA sequencing data
10.1186/s13059-018-1431-3,"GiniClust2: a cluster-aware, weighted ensemble clustering method for cell-type detection"
arxiv/1610.05857,Graphical Models for Zero-Inflated Single Cell Gene Expression
10.1101/318295,scVAE: Variational auto-encoders for single-cell gene expression data
10.1186/s12918-018-0581-y,SCNS: a graphical tool for reconstructing executable regulatory networks from single-cell genomic data
10.1101/333393,Quantitative assessment of cell population diversity in single-cell landscapes
10.1093/gigascience/giy059,zUMIs - A fast and flexible pipeline to process RNA sequencing data with UMIs
10.1186/s13059-018-1440-2,BGP: identifying gene-specific branching dynamics from single-cell data with a branching Gaussian process
arxiv/1505.02710,Near-optimal RNA-Seq quantification
10.1038/nbt.3519,Near-optimal probabilistic RNA-seq quantification
10.1101/258566,Identification of transcriptional signatures for cell types from single-cell RNA-Seq
10.1186/s13059-018-1438-9,UMI-count modeling and differential expression analysis for single-cell RNA sequencing
10.1101/021592,"Salmon provides accurate, fast, and bias-aware transcript expression estimates using dual-phase inference"
10.1038/nmeth.4197,Salmon provides fast and bias-aware quantification of transcript expression
10.1101/335000,Alevin: An integrated method for dscRNA-seq quantification
10.1101/284604,Reference-based annotation of single-cell transcriptomes identifies a profibrotic macrophage niche after tissue injury
10.1101/328807,Combining mathematical and statistical modeling to simulate time course bulk and single cell gene expression data in cancer with CancerInSilico
10.1186/s12859-018-2226-y,DrImpute: imputing dropout events in single cell RNA sequencing data
10.12688/f1000research.14966.1,iSEE: Interactive SummarizedExperiment Explorer
10.1101/335695,SCHiRM: Single Cell Hierarchical Regression Model to detect dependencies in read count data
10.1101/237420,A single-cell catalogue of regulatory states in the ageing Drosophila brain
10.1016/j.cell.2018.05.057,A Single-Cell Transcriptome Atlas of the Aging Drosophila Brain
10.1016/j.cels.2016.08.011,A Single-Cell Transcriptomic Map of the Human and Mouse Pancreas Reveals Inter- and Intra-cell Population Structure
10.1101/344309,clonealign: statistical integration of independent single-cell RNA & DNA-seq from human cancers
10.1101/352484,DoubletFinder: Doublet detection in single-cell RNA sequencing data using artificial nearest neighbors
10.1186/s13059-018-1449-6,dropEst: pipeline for accurate estimation of molecular counts in droplet-based single-cell RNA-seq experiments
10.1101/gr.228080.117,Linking transcriptional and genetic tumor heterogeneity through allele analysis of single-cell RNA-seq data
10.1093/bioinformatics/btu674,Statistical significance of variables driving systematic variation in high-dimensional data
10.1101/248633,Statistical Significance of Cluster Membership with Applications to High-Throughput Genomic Data
10.15252/msb.20178124,Multi‐Omics Factor Analysis—a framework for unsupervised integration of multi‐omics data sets
10.1101/354944,Bulk Tissue Cell Type Deconvolution with Multi-Subject Single-Cell Expression Reference
10.1016/j.cels.2018.05.017,Generalizable and Scalable Visualization of Single-Cell Data Using Neural Networks
10.1093/bioinformatics/bty498,A descriptive marker gene approach to single-cell pseudotime inference
10.1038/s41467-018-04696-6,Uncovering pseudotemporal trajectories with covariates from single cell and bulk expression data
10.1038/s41592-018-0033-z,SAVER: gene expression recovery for single-cell RNA sequencing
10.1101/364810,DoubletDecon: Cell-State Aware Removal of Single-Cell RNA-Seq Doublets
10.1038/s41467-018-05083-x,Detection and removal of barcode swapping in single-cell RNA-seq data
10.1093/bioinformatics/bty260,Random forest based similarity learning for single cell RNA sequencing data
10.1101/356634,SCMarker: ab initio marker selection for single cell transcriptome profiling
10.1101/369538,scPred: Single cell prediction using singular value decomposition and machine learning classification
10.1101/357368,Scrublet: computational identification of cell doublets in single-cell transcriptomic data
10.1016/j.cell.2018.05.061,Recovering Gene Interactions from Single-Cell Data Using Data Diffusion
10.1101/371179,Panoramic stitching of heterogeneous single-cell transcriptomic data
10.1093/bioinformatics/bty293,Scalable preprocessing for sparse scRNA-seq data exploiting prior knowledge
10.1101/374025,ROSeq: A rank based approach to modelling gene expression in single cells
10.1038/s41467-018-05112-9,TCM visualizes trajectories and cell populations from single cell data
10.1038/s41592-018-0082-3,BraCeR: B-cell-receptor reconstruction and clonality inference from single-cell RNA-seq
10.1101/378646,SymSim: simulating multi-faceted variability in single cell RNA sequencing
10.1371/journal.pcbi.1006391,A new dynamic correlation algorithm reveals novel functional aspects in single cell and bulk RNA-seq data
10.1038/s41586-018-0414-6,RNA velocity of single cells
10.1101/383224,Accurate estimation of single cell allele-specific gene expression using all reads and combining information across cells
10.1093/nar/gky698,CellBIC: bimodality-based top-down clustering of single-cell RNA sequencing data reveals hierarchical structure of the cell type
10.1371/journal.pcbi.1006369,SILGGM: An extensive R package for efficient statistical inference in large-scale gene networks
10.1101/393280,scMerge: Integration of multiple single-cell transcriptomics datasets leveraging stable expression and pseudo-replication
10.1101/384586,"bayNorm: Bayesian gene expression recovery, imputation and normalisation for single cell RNA-sequencing data"
10.1101/397042,Fast Batch Alignment of Single Cell Transcriptomes Unifies Multiple Mouse Cell Atlases into an Integrated Landscape
10.1101/389999,Reconstructing B cell receptor sequences from short-read single cell RNA-sequencing with BRAPeS
10.12688/f1000research.15830.1,"An accessible, interactive GenePattern Notebook for analysis and exploration of single-cell transcriptomic data"
10.1126/science.aar3131,Single-cell reconstruction of developmental trajectories during zebrafish embryogenesis
10.1101/389296,One read per cell per gene is optimal for single-cell RNA-Seq
10.1101/397588,Zero-preserving imputation of scRNA-seq data using low-rank approximation
10.1016/j.cels.2018.06.011,Correcting the Mean-Variance Dependency for Differential Variability Testing Using Single-Cell RNA Sequencing Data
10.1093/bib/bby076,Impact of similarity metrics on single-cell RNA-seq data clustering
10.1371/journal.pcbi.1006361,scPipe: A flexible R/Bioconductor preprocessing pipeline for single-cell RNA-sequencing data
10.1093/bioinformatics/bty702,Parallel Clustering of Single Cell Transcriptomic Data with Split-Merge Sampling on Dirichlet Process Mixtures
10.1101/413047,Cardelino: Integrating whole exomes and single-cell transcriptomes to reveal phenotypic impact of somatic variants
10.1038/s41467-018-05988-7,GraphDDP: a graph-embedding approach to detect differentiation pathways in single-cell-data using prior class knowledge
10.1093/bioinformatics/bty793,SAFE-clustering: Single-cell Aggregated (From Ensemble) Clustering for Single-cell RNA-seq Data
10.12688/f1000research.16198.1,scClustViz – Single-cell RNAseq cluster assessment and visualization
10.1371/journal.pone.0205499,CaSTLe – Classification of single cells by transfer learning: Harnessing the power of publicly available single cell RNA sequencing experiments to annotate new experiments
10.1101/434746,Mutation detection in thousands of acute myeloid leukemia cells using single cell RNA-sequencing
10.1038/s41596-018-0058-x,Large-scale reconstruction of cell lineages using single-cell readout of transcriptomes and CRISPR–Cas9 barcodes by scGESTALT
10.1038/s41598-018-34688-x,AutoImpute: Autoencoder based imputation of single-cell RNA-seq data
10.1101/460246,Wiring together large single-cell RNA-seq sample collections
10.1101/353607,"DeepImpute: an accurate, fast and scalable deep neural network method to impute single-cell RNA-Seq data"
10.1101/461954,"Fast, sensitive, and accurate integration of single cell data with Harmony"
10.1093/bioinformatics/bty517,iS-CellR: a user-friendly tool for analyzing and visualizing single-cell RNA sequencing data
10.1101/459891,Integrative inference of brain cell similarities and differences from single-cell genomics
10.1101/gr.239202.118,NanoPARE: parallel analysis of RNA 5′ ends from low-input RNA
10.1101/460147,Comprehensive integration of single cell data
10.1101/461640,SHARP: Single-cell RNA-seq Hyper-fast and Accurate Processing via Ensemble Random Projection
10.1101/463265,Towards a post-clustering test for differential expression
10.1101/412080,cellHarmony: Cell-level matching and comparison of single-cell transcriptomes
10.1101/096222,ASAP: a Web-based platform for the analysis and inter-active visualization of single-cell RNA-seq data
10.1093/bioinformatics/btx337,ASAP: a web-based platform for the analysis and interactive visualization of single-cell RNA-seq data
10.1101/392662,BAMM-SC: A Bayesian mixture model for clustering droplet-based single cell transcriptomic data from population studies
10.18547/gcb.2017.vol3.iss1.e46,Bayesian Inference for Single-cell Clustering and Imputing
10.1101/374462,CellFishing.jl: an ultrafast and scalable cell search method for single-cell RNA-sequencing
10.1101/331330,ClusterMap: Comparing analyses across multiple Single Cell RNA-Seq profiles
10.1101/365007,CNNC: Convolutional Neural Networks for Co-Expression Analysis
10.1101/241646,DECODE-ing sparsity patterns in single-cell RNA-seq
10.1038/s41467-018-07234-6,Discovery of rare cells from voluminous single cell expression data
10.1101/456129,Moana: A robust and scalable cell type classification framework for single-cell RNA-Seq data
10.1093/bioinformatics/btw607,Robust classification of single-cell transcriptome data by nonnegative matrix factorization
10.1101/379883,PBLR: an accurate single cell RNA-seq data imputation tool considering cell heterogeneity and prior expression level of dropouts
10.1101/375196,Scedar: a scalable Python package for single-cell RNA-seq exploratory data analysis
10.1101/456814,scMetric: An R package of metric learning and visualization for single-cell RNA-seq data
10.1101/329755,Interactive single cell RNA-Seq analysis with the Single Cell Toolkit (SCTK)
10.1101/401943,Cell lineage inference from SNP and scRNA-Seq data
10.1038/s41598-017-13665-w,Controlling for Confounding Effects in Single Cell RNA Sequencing Studies Using both Control and Target Genes
10.1093/bioinformatics/btw227,densityCut: an efficient and versatile topological approach for automatic clustering of biological data
10.1101/183863,Project Dhaka: Variational Autoencoder for Unmasking Tumor Heterogeneity from Single Cell Genomic Data
10.1093/bioinformatics/bty176,iterClust: a statistical framework for iterative clustering analysis
10.1101/437665,MetaCell: analysis of single cell RNA-seq data using k-NN graph partitions
10.1101/367003,De novo Gene Signature Identification from Single-Cell RNA-Seq with Hierarchical Poisson Factorization
10.1101/459404,scRMD: Imputation for single cell RNA-seq data via robust matrix decomposition
10.1101/456772,SIP: An Interchangeable Pipeline for scRNA-seq Data Processing
10.1093/bioinformatics/btv088,Identification of cell types from single-cell transcriptomes using a novel clustering method
10.1101/344242,SSCC: a computational framework for rapid and accurate clustering of large-scale single cell RNA-seq data
10.1101/457622,Genetic Heterogeneity Profiling by Single Cell RNA Sequencing
10.1101/396135,Determination of essential phenotypic elements of clusters in high-dimensional entities - DEPECHE
10.1101/430967,rCASC: reproducible Classification Analysis of Single Cell sequencing data
10.1016/j.cell.2016.11.038,Perturb-Seq: Dissecting Molecular Circuits with Scalable Single-Cell RNA Profiling of Pooled Genetic Screens
10.1038/s41467-018-04368-5,Interpretable dimensionality reduction of single cell transcriptome data with deep generative models
10.1038/s41586-018-0698-6,Single-cell reconstruction of the early maternal–fetal interface in humans
10.1101/361980,McImpute: Matrix completion based imputation for single cell RNA-seq data
arxiv/1811.03377,"Spectral Simplicial Theory for Feature Selection and Applications to
  Genomics"
10.1101/470203,Mapping transcriptionally equivalent populations across single cell RNA-seq datasets
10.1186/s13059-018-1575-1,VIPER: variability-preserving imputation for accurate gene expression recovery in single-cell RNA sequencing studies
10.1101/472571,"The Barcode, UMI, Set format and BUStools"
10.1016/j.celrep.2018.05.002,Transcriptional Dynamics of Hair-Bundle Morphogenesis Revealed with CellTrails
10.1101/464479,Gene regulation inference from single-cell RNA-seq data with linear differential equations and velocity inference
10.1038/s41598-018-35365-9,Detection of correlated hidden factors from single cell transcriptomes using Iteratively Adjusted-SVA (IA-SVA)
10.1093/bioinformatics/bty950,pyNVR: Investigating factors affecting feature selection from scRNA-seq data for lineage reconstruction
10.1038/s41467-018-07170-5,Using single nucleotide variations in single-cell RNA-seq to identify subpopulations and genotype-phenotype linkage
10.1038/s41592-018-0229-2,Deep generative modeling for single-cell transcriptomics
10.1101/403055,Functional Interpretation of Single-Cell Similarity Maps
10.1093/bioinformatics/bty1009,DensityPath: an algorithm to visualize and reconstruct cell state-transition path on density landscape for single-cell RNA sequencing data
10.1093/bioinformatics/bty1016,Optimal Gene Filtering for Single-Cell data (OGFSC) – a gene filtering algorithm for single-cell RNA-seq data
10.1101/496810,Scalable probabilistic matrix factorization for single-cell RNA-seq analysis
10.1186/s12864-018-5249-x,ddSeeker: a tool for processing Bio-Rad ddSEQ single cell RNA-seq data
10.1093/bioinformatics/bty1056,Single-cell RNA-seq Interpretations using Evolutionary Multiobjective Ensemble Pruning
10.1038/s41592-018-0254-1,A test metric for assessing single-cell RNA-seq batch correction
10.1093/bioinformatics/bty1044,M3Drop: Dropout-based feature selection for scRNASeq
10.1186/s12918-018-0652-0,scdNet: a computational tool for single-cell differential network analysis
10.1186/s12864-018-4772-0,Slingshot: cell lineage and pseudotime inference for single-cell transcriptomics
10.1016/j.cels.2018.10.015,Visualizing and Interpreting Single-Cell Gene Expression Datasets with Similarity Weighted Nonnegative Embedding
10.1016/j.gpb.2018.08.003,VASC: Dimension Reduction and Visualization of Single-cell RNA-seq Data by Deep Variational Autoencoder
10.1101/511626,A Hybrid Deep Clustering Approach for Robust Cell Type Profiling Using Single-cell RNA-seq Data: Supplementary Figures and Tables
10.1101/507871,iTALK: an R Package to Characterize and Illustrate Intercellular Communication
10.1073/pnas.1817715116,Semisoft clustering of single-cell data
10.1038/s41586-018-0836-1,Genomic encoding of transcriptional burst kinetics
10.1101/512582,scSVA: an interactive tool for big data visualization and exploration in single-cell omics
10.1101/519660,TooManyCells identifies and visualizes relationships of single-cell clades
10.1101/521914,Probabilistic cell type assignment of single-cell transcriptomic data reveals spatiotemporal microenvironment dynamics in human cancers: Supplementary tables
10.1038/s41467-018-07931-2,Single-cell RNA-seq denoising using a deep count autoencoder
10.1101/504944,"scAlign: a tool for alignment, integration and rare cell identification from scRNA-seq data: Supplemental Figures"
10.1101/522037,scruff: An R/Bioconductor package for preprocessing single-cell RNA-sequencing data
10.1093/bioinformatics/bts635,STAR: ultrafast universal RNA-seq aligner
10.1101/522672,Dynamic pseudo-time warping of complex single-cell trajectories
10.1101/523993,VPAC: Variational projection for accurate clustering of single-cell transcriptomic data
10.1101/532093,Automated identification of Cell Types in Single Cell RNA Sequencing: Supplemental File 1
10.1101/533372,Flexible Experimental Designs for Valid Single-cell RNA-sequencing Experiments Allowing Batch Effects Correction
10.1101/530378,Deep learning enables accurate clustering and batch effect removal in single-cell RNA-seq analysis: Supplementary material
10.1101/522474,LAmbDA: Label Ambiguous Domain Adaption Dataset Integration Reduces Batch Effects and Improves Subtype Detection: Supplementary Materials
10.1101/532846,Enhancing experimental signals in single-cell RNA-sequencing data using graph signal processing
10.1101/532192,Block HSIC Lasso: model-free biomarker detection for ultra-high dimensional data: Supplementary tables and figures
10.1101/532895,Harmonization and Annotation of Single-cell Transcriptomics data with Deep Generative Models
10.1038/s41590-018-0276-y,Reference-based analysis of lung single-cell sequencing reveals a transitional profibrotic macrophage
10.1093/bioinformatics/btz024,ClusterMap: Compare multiple Single Cell RNA-Seq datasets across different experimental conditions
10.1101/534834,Network Inference with Granger Causality Ensembles on Single-Cell Transcriptomic Data
10.1101/538652,Supervised classification enables rapid annotation of cell atlases
10.1101/544346,netNMF-sc: Leveraging gene-gene interactions for imputation and dimensionality reduction in single-cell expression analysis
10.1101/526848,Characterizing and inferring quantitative cell cycle phase in single-cell RNA-seq data analysis: Supplemental Materials
10.1101/191056,Reconstruction of developmental landscapes by optimal-transport analysis of single-cell gene expression sheds light on cellular reprogramming.
10.1016/j.cell.2019.01.006,Optimal-Transport Analysis of Single-Cell Gene Expression Identifies Developmental Trajectories in Reprogramming
10.1101/539833,Polled Digital Cell Sorter (p-DCS): Automatic identification of hematological cell types from single cell RNA-sequencing clusters
10.1101/536730,Geometric Sketching Compactly Summarizes the Single-Cell Transcriptomic Landscape: Supplementary Information
10.1101/537936,Millefy: visualizing cell-to-cell heterogeneity in read coverage of single-cell RNA sequencing datasets
10.1371/journal.pcbi.1006772,A component overlapping attribute clustering (COAC) algorithm for single-cell RNA sequencing data analysis and potential pathobiological implications
10.1101/543447,A NMF-based approach to discover overlooked differentially expressed gene regions from single-cell RNA-seq data
10.1016/j.celrep.2019.01.063,PyMINEr Finds Gene and Autocrine-Paracrine Networks from Human Islet scRNA-Seq
10.1101/544163,scGEApp: a Matlab app for feature selection on single-cell RNA sequencing data
10.1101/543314,A novel algorithm for the collective integration of single cell RNA-seq during embryogenesis
10.1101/557967,singleCellHaystack: Finding surprising genes in 2-dimensional representations of single cell transcriptome data
10.1101/558908,"CHETAH: a selective, hierarchical cell type identification method for single-cell RNA sequencing"
arxiv/1902.08472,Model-based clustering in very high dimensions via adaptive projections
10.1016/j.ygeno.2019.02.014,Screen technical noise in single cell RNA sequencing data
10.1101/553040,Leveraging high-powered RNA-Seq datasets to improve inference of regulatory activity in single-cell RNA-Seq data
10.1101/561084,Nonparametric expression analysis using inferential replicate counts
10.1371/journal.pcbi.1006733,Integration of single-cell RNA-seq data into population models to characterize cancer metabolism
10.1101/559872,SCINA: Semi-Supervised Analysis of Single Cells in silico
10.1093/bioinformatics/btz139,SinNLRR: a robust subspace clustering method for cell type detection by nonnegative and low rank representation
10.1093/nar/gkz147,A general computational approach to predicting synergistic transcriptional cores that determine cell subpopulation identities
10.1186/s13059-019-1645-z,clonealign: statistical integration of independent single-cell RNA and DNA sequencing data from human cancers
10.1101/543199,Single-cell profiling of tumor-reactive CD4+ T-cells reveals unexpected transcriptomic diversity
10.1101/564021,scds: Computational Annotation of Doublets in Single Cell RNA Sequencing Data
10.1101/570614,Genotype-free demultiplexing of pooled single-cell RNA-seq
10.1101/566182,Uncovering hypergraphs of cell-cell interaction from single cell RNA-sequencing data
10.1101/576827,Normalization and variance stabilization of single-cell RNA-seq data using regularized negative binomial regression
10.1093/nar/gkz172,Cell-specific network constructed by single-cell RNA sequencing data
10.1101/567115,GPseudoClust: deconvolution of shared pseudo-trajectories at single-cell resolution
10.1038/s41592-019-0355-5,Cell composition analysis of bulk genomics using single-cell data
10.1038/s41592-019-0353-7,Scalable analysis of cell-type composition from single-cell transcriptomics using deep recurrent learning
10.1186/s13059-019-1662-y,EmptyDrops: distinguishing cells from empty droplets in droplet-based single-cell RNA sequencing data
10.1038/s41587-019-0071-9,A comparison of single-cell trajectory inference methods
10.1038/s41587-019-0068-4,Characterization of cell fate probabilities in single-cell data with Palantir
10.1186/s13059-019-1670-y,Alevin efficiently estimates accurate gene abundances from dscRNA-seq data
10.1101/437095,A statistical simulator scDesign for rational scRNA-seq experimental design
10.1101/599654,Optimal gene selection for cell type discrimination in single cell analyses
10.1016/j.compbiolchem.2019.03.013,SCOUT: A new algorithm for the inference of pseudo-time trajectory using single-cell data
10.1038/s41467-019-09639-3,A Bayesian mixture model for clustering droplet-based single-cell transcriptomic data from population studies
10.1101/587360,Cell BLAST: Searching large-scale scRNA-seq databases via unbiased cell embedding
10.1101/596924,dropClust2: An R package for resource efficient analysis of large scale single cell RNA-Seq data
10.1038/s41587-019-0088-0,Inferring population dynamics from single-cell RNA-sequencing time series data
10.1038/s42256-019-0037-0,Clustering single-cell RNA-seq data with a model-based deep learning approach
10.1186/s12918-019-0699-6,A fast and efficient count-based matrix factorization method for detecting cell types from single-cell RNAseq data
10.1093/bioinformatics/btz240,scRNAss: a single-cell RNA-seq assembler via imputing dropouts and combing junctions
10.1101/603589,Exploring dimension-reduced embeddings with Sleepwalk
10.1186/s12864-019-5477-8,TSEE: an elastic embedding method to visualize the dynamic gene expression patterns of time series single-cell RNA sequencing data
10.1101/625566,Latent periodic process inference from single-cell RNA-seq data
10.1093/bioinformatics/btz292,scMatch: a single-cell gene expression profile annotation tool using reference datasets
10.1073/pnas.1820006116,"scMerge leverages factor analysis, stable expression, and pseudoreplication to merge multiple single-cell RNA-seq datasets"
10.1093/bioinformatics/btz288,Cell-level somatic mutation detection from single-cell RNA-sequencing
10.1111/biom.13074,Detection of differentially expressed genes in discrete single‐cell RNA sequencing data using a hurdle model with correlated random effects
10.1101/621805,Single-Cell Signature Explorer for comprehensive visualization of single cell signatures across scRNA-seq data sets
10.1038/s41467-019-09670-4,"Single-cell trajectories reconstruction, exploration and mapping of omics data with STREAM"
10.1093/bioinformatics/btz296,Continuous State HMMs for Modeling Time Series Single Cell RNA-Seq Data
10.1089/cmb.2018.0255,Truncated Robust Principal Component Analysis and Noise Reduction for Single Cell RNA Sequencing Data
10.1101/634097,"Hierarchical cell type classification using mass, heterogeneous RNA-seq data from human primary cells"
10.1101/630087,Benchmarking Single-Cell RNA Sequencing Protocols for Cell Atlas Projects
10.1093/bioinformatics/btz078,PROSSTT: probabilistic simulation of single-cell RNA-seq data for complex differentiation processes
10.1038/s41587-019-0113-3,Efficient integration of heterogeneous single-cell transcriptomes using Scanorama
10.1101/390153,Realistic in silico generation and augmentation of single cell RNA-seq data using Generative Adversarial Neural Networks
10.1186/s12864-019-5747-5,scNPF: an integrative framework assisted by network propagation and network fusion for preprocessing of single-cell RNA-seq data
10.1186/s13059-019-1681-8,SCRABBLE: single-cell RNA-seq imputation constrained by bulk RNA-seq data
10.1101/632216,Systematic comparative analysis of single cell RNA-sequencing methods
arxiv/1905.02269,"A joint model of unpaired data from scRNA-seq and spatial
  transcriptomics for imputing missing gene expression measurements"
10.1101/642926,Benchmarking algorithms for gene regulatory network inference from single-cell transcriptomic data
10.1101/426981,Towards inferring causal gene regulatory networks from single cell expression measurements
10.1101/636639,Spectrum: Fast density-aware spectral clustering for single and multi-omic data
10.1101/433102,scRNA-seq mixology: towards better benchmarking of single cell RNA-seq analysis methods
10.1038/s41592-019-0425-8,Benchmarking single cell RNA-sequencing analysis pipelines using mixture control experiments
10.1093/bioinformatics/btz435,EnImpute: imputing dropout events in single cell RNA sequencing data via ensemble learning
10.1038/s41467-019-10216-x,Model-based understanding of single-cell CRISPR screening
10.1101/648683,Algorithms for efficiently collapsing reads with Unique Molecular Identifiers
10.1101/655753,Combinatorial prediction of gene-marker panels from single-cell transcriptomic data
10.7717/peerj.6970,Detection of condition-specific marker genes from RNA-seq data with MGFR
10.1101/655795,A Compositional Model to Assess Expression Changes from Single-Cell Rna-Seq Data
10.1101/657619,A mechanistic model for the negative binomial distribution of single-cell mRNA counts
